#SampleID	SRR900226	SRR901080	SRR901090	SRR901100	SRR901110	SRR901120	SRR901130	SRR901140	SRR901081	SRR901091	SRR901101	SRR901111	SRR901121	SRR901131	SRR901141	SRR901032	SRR901082	SRR901092	SRR901102	SRR901112	SRR901122	SRR901132	SRR901142	SRR901083	SRR901093	SRR901103	SRR901113	SRR901123	SRR901133	SRR901143	SRR901084	SRR901094	SRR901104	SRR901114	SRR901124	SRR901134	SRR901144	SRR901085	SRR901095	SRR901105	SRR901115	SRR901125	SRR901135	SRR901086	SRR901096	SRR901106	SRR901116	SRR901126	SRR901136	SRR901087	SRR901097	SRR901107	SRR901117	SRR901127	SRR901137	SRR901088	SRR901098	SRR901108	SRR901118	SRR901128	SRR901138	SRR901079	SRR901089	SRR901099	SRR901109	SRR901119	SRR901129	SRR901139
sk__Archaea;k__;p__Euryarchaeota;c__Halobacteria	0	1	0	0	0	0	0	0	0	0	0	0	0	0	0	0	0	3	0	0	0	0	0	0	0	0	0	0	0	0	0	0	0	0	0	0	0	0	0	0	0	0	0	0	0	0	0	0	2	0	0	0	0	0	0	0	0	0	0	0	0	0	0	0	0	0	0	0
sk__Archaea;k__;p__Euryarchaeota;c__Halobacteria;o__Halobacteriales	0	0	0	0	0	7	0	0	3	0	0	0	0	14	0	0	2	51	0	2	0	0	0	0	0	0	0	0	1	0	0	8	0	0	0	0	0	0	0	0	1	0	0	0	0	0	0	0	0	4	5	0	3	0	0	0	1	0	0	0	0	0	0	0	0	0	0	0
sk__Archaea;k__;p__Euryarchaeota;c__Halobacteria;o__Halobacteriales;f__Haloarculaceae	0	0	0	0	0	0	0	0	1	0	0	0	0	0	0	0	1	9	0	1	0	0	0	0	0	0	0	0	0	0	0	1	0	0	0	0	0	0	0	0	0	0	0	0	0	0	0	0	2	0	2	0	0	0	0	0	1	0	0	0	0	0	0	0	0	0	0	0
sk__Archaea;k__;p__Euryarchaeota;c__Halobacteria;o__Halobacteriales;f__Haloarculaceae;g__Halosimplex	0	0	0	0	0	0	0	0	0	0	0	0	0	0	0	0	0	1	0	0	0	0	0	0	0	0	0	0	0	0	0	0	0	0	0	0	0	0	0	0	0	0	0	0	0	0	0	0	0	0	0	0	0	0	0	0	1	0	0	0	0	0	0	0	0	0	0	0
sk__Archaea;k__;p__Euryarchaeota;c__Halobacteria;o__Halobacteriales;f__Haloarculaceae;g__Natronomonas	0	0	0	0	0	1	0	0	1	0	0	0	0	0	0	0	0	3	0	1	0	0	0	0	0	0	0	0	0	0	0	0	0	0	0	0	0	0	0	0	0	0	0	0	0	0	0	0	0	0	0	0	0	0	0	0	0	0	0	0	0	0	0	0	0	0	0	0
sk__Archaea;k__;p__Euryarchaeota;c__Halobacteria;o__Halobacteriales;f__Halobacteriaceae	0	0	0	0	0	0	0	0	1	0	0	0	0	2	0	0	0	16	0	0	0	0	0	0	0	0	0	0	0	0	0	1	0	0	0	0	0	0	0	0	2	0	0	0	0	0	0	0	1	0	7	0	0	0	0	0	2	0	0	0	0	0	0	0	0	0	0	0
sk__Archaea;k__;p__Euryarchaeota;c__Halobacteria;o__Halobacteriales;f__Halobacteriaceae;g__;s__Halobacteriaceae_archaeon_LT12	0	0	0	0	0	0	0	0	0	0	0	0	0	2	0	0	2	6	0	0	0	0	0	0	0	0	0	0	0	0	0	0	0	0	0	0	0	0	0	0	0	0	0	0	0	0	0	0	0	0	0	0	0	0	0	0	2	0	0	0	0	0	0	0	0	0	0	0
sk__Archaea;k__;p__Euryarchaeota;c__Halobacteria;o__Halobacteriales;f__Halobacteriaceae;g__Halomarina	0	0	0	0	0	0	0	0	0	0	0	0	0	2	0	0	0	9	0	1	0	0	0	0	0	0	0	0	0	0	0	0	0	0	0	0	0	0	0	0	0	0	0	0	0	0	0	0	0	4	0	0	0	0	0	0	2	0	0	0	0	0	0	0	0	0	0	0
sk__Archaea;k__;p__Euryarchaeota;c__Halobacteria;o__Halobacteriales;f__Halobacteriaceae;g__Halorussus	0	0	0	0	0	0	0	0	1	0	0	0	0	0	0	0	0	1	0	0	0	0	0	0	0	0	0	0	0	0	0	0	0	0	0	0	0	0	0	0	0	0	0	0	0	0	0	0	0	0	0	0	0	0	0	0	0	0	0	0	0	0	0	0	0	0	0	0
sk__Archaea;k__;p__Euryarchaeota;c__Halobacteria;o__Halobacteriales;f__Halococcaceae;g__Halococcus	0	0	0	0	0	0	0	0	0	0	0	0	0	1	0	0	0	2	0	0	0	0	0	0	0	0	0	0	0	0	0	0	0	0	0	0	0	0	0	0	0	0	0	0	0	0	0	0	0	0	1	0	0	0	0	0	0	0	0	0	0	0	0	0	0	0	0	0
sk__Archaea;k__;p__Euryarchaeota;c__Halobacteria;o__Haloferacales	0	0	0	0	0	0	0	0	0	0	0	0	0	0	0	0	0	1	0	1	0	0	0	0	0	0	0	0	0	0	0	0	0	0	0	0	0	0	0	0	0	0	0	0	0	0	0	0	0	0	0	0	0	0	0	0	0	0	0	0	0	0	0	0	0	0	0	0
sk__Archaea;k__;p__Euryarchaeota;c__Halobacteria;o__Haloferacales;f__Halorubraceae	0	0	0	0	0	0	0	0	0	0	0	0	0	0	0	0	0	1	0	0	0	0	0	0	0	0	0	0	0	0	0	0	0	0	0	0	0	0	0	0	0	0	0	0	0	0	0	0	0	0	1	0	0	0	0	0	0	0	0	0	0	0	0	0	0	0	0	0
sk__Archaea;k__;p__Euryarchaeota;c__Halobacteria;o__Haloferacales;f__Halorubraceae;g__Halolamina	0	0	0	0	0	0	0	0	0	0	0	0	0	0	0	0	0	1	0	0	0	0	0	0	0	0	0	0	0	0	0	0	0	0	0	0	0	0	0	0	0	0	0	0	0	0	0	0	0	0	1	0	0	0	0	0	0	0	0	0	0	0	0	0	0	0	0	0
sk__Bacteria	15	2	9	0	11	6	7	0	12	31	0	1	27	0	4	45	20	803	2	33	6	5	9	4	65	11	29	4	1	4	2	1	50	0	3	1	3	8	2	67	4	2	8	6	17	0	47	8	7	7	1	2	0	20	75	21	1	2	3	2	0	19	26	3	2	5	12	3
sk__Bacteria;k__;p__Acidobacteria	0	0	34	2	0	13	2	0	5	39	1	0	7	1	1	3	0	386	1	2	17	6	4	3	2	4	2	3	3	0	5	4	10	0	2	0	6	4	3	8	6	3	9	27	6	0	2	23	1	23	1	2	0	13	0	17	0	0	4	1	0	15	26	0	1	3	2	4
sk__Bacteria;k__;p__Acidobacteria;c__Acidobacteriia;o__Acidobacteriales	0	0	0	0	0	0	0	0	0	0	0	0	1	0	0	0	0	10	0	0	0	0	0	1	0	0	0	1	0	0	1	0	0	0	0	0	0	1	0	0	0	2	0	0	0	0	0	2	0	1	0	0	0	0	0	0	0	0	0	0	0	0	0	0	0	0	0	0
sk__Bacteria;k__;p__Acidobacteria;c__Acidobacteriia;o__Acidobacteriales;f__Acidobacteriaceae;g__Candidatus_Koribacter	0	0	0	0	0	0	0	0	0	0	0	0	0	0	0	0	0	1	0	0	0	0	0	0	0	0	0	0	0	0	0	0	0	0	0	0	0	0	0	0	0	0	0	0	0	0	0	0	0	0	0	0	0	1	0	0	0	0	0	0	0	0	0	0	0	0	0	0
sk__Bacteria;k__;p__Acidobacteria;c__Acidobacteriia;o__Bryobacterales;f__Bryobacteraceae;g__Bryobacter	0	0	1	0	0	0	0	0	0	6	0	0	1	0	0	0	0	13	0	0	1	0	0	0	0	0	0	0	0	0	0	0	0	0	0	0	0	0	0	0	0	0	0	0	0	0	0	1	0	1	0	0	0	0	0	1	0	0	0	0	0	0	1	0	0	0	0	0
sk__Bacteria;k__;p__Acidobacteria;c__Acidobacteriia;o__Bryobacterales;f__Solibacteraceae;g__Candidatus_Solibacter	0	0	0	0	0	0	0	0	0	0	0	0	0	0	0	0	0	7	0	0	0	0	0	0	0	0	0	1	0	0	0	0	0	0	0	0	0	0	0	0	0	5	0	0	0	0	0	1	0	0	0	0	0	0	0	0	0	0	0	0	0	0	0	0	0	0	0	0
sk__Bacteria;k__;p__Acidobacteria;c__Blastocatellia;o__Blastocatellales	0	0	0	0	0	0	0	0	0	2	0	0	0	0	0	0	0	2	0	0	0	0	0	0	0	0	0	0	0	0	0	0	0	0	0	0	0	0	0	0	0	0	0	0	0	0	0	0	0	0	0	0	0	0	0	0	0	0	0	0	0	0	0	0	0	0	0	0
sk__Bacteria;k__;p__Acidobacteria;c__Blastocatellia;o__Blastocatellales;f__Blastocatellaceae	0	0	2	0	0	2	0	0	2	4	0	0	5	0	0	2	2	37	0	0	1	0	0	0	0	0	0	0	0	0	2	0	0	0	0	0	0	0	0	0	0	0	0	0	0	0	0	0	0	1	0	0	0	6	0	2	0	0	0	0	0	1	0	0	0	5	0	0
sk__Bacteria;k__;p__Acidobacteria;c__Blastocatellia;o__Blastocatellales;f__Blastocatellaceae;g__Blastocatella	0	1	0	0	0	0	0	0	3	6	0	0	5	0	0	0	0	36	0	0	13	0	0	0	0	0	0	1	0	0	0	0	0	0	1	0	0	0	0	0	0	0	0	0	0	0	0	0	0	1	0	0	0	0	0	1	0	0	0	0	0	1	3	0	0	0	0	0
sk__Bacteria;k__;p__Acidobacteria;c__Blastocatellia;o__Blastocatellales;f__Blastocatellaceae;g__Stenotrophobacter	0	0	0	0	0	0	0	0	0	0	0	0	0	0	0	0	0	2	0	0	0	0	0	0	0	0	0	0	0	0	0	0	0	0	0	0	0	0	0	0	0	0	0	0	0	0	0	0	0	0	0	0	0	0	0	0	0	0	0	0	0	0	0	0	0	2	0	0
sk__Bacteria;k__;p__Acidobacteria;c__Blastocatellia;o__Blastocatellales;f__Pyrinomonadaceae	0	1	15	0	0	17	0	0	1	107	0	0	6	0	0	1	1	330	0	0	6	0	0	3	0	0	0	0	0	0	10	0	0	0	4	0	0	0	0	0	0	0	0	28	0	0	0	1	0	20	0	0	0	9	0	55	0	0	0	0	0	1	40	0	0	4	0	0
sk__Bacteria;k__;p__Acidobacteria;c__Holophagae	0	0	4	0	0	3	0	0	1	18	0	0	1	0	0	0	0	81	0	0	8	0	0	1	0	0	0	3	0	0	1	0	0	0	4	0	0	6	0	0	0	1	0	11	0	0	0	2	0	4	0	0	0	1	0	4	0	0	0	0	0	0	7	0	0	1	0	0
sk__Bacteria;k__;p__Acidobacteria;c__Holophagae;o__Holophagales	0	0	1	0	0	0	0	0	0	1	0	0	0	0	0	1	0	8	0	0	1	0	0	0	0	0	0	0	0	0	0	0	0	0	0	0	0	1	0	0	0	0	0	1	0	0	0	0	0	0	0	0	0	0	0	1	0	0	0	0	0	1	0	0	0	0	0	0
sk__Bacteria;k__;p__Acidobacteria;c__Holophagae;o__Holophagales;f__Holophagaceae	0	0	0	0	0	0	0	0	0	0	0	0	1	0	0	0	0	1	0	0	0	0	0	0	0	0	0	0	0	0	0	0	0	0	0	0	0	0	0	0	0	0	0	0	0	0	0	0	0	0	0	0	0	0	0	0	0	0	0	0	0	0	0	0	0	0	0	0
sk__Bacteria;k__;p__Actinobacteria	75	4	314	1	93	79	1	2	284	353	0	0	68	0	1	2	122	4950	0	218	92	0	0	48	1	0	12	104	0	0	40	0	870	1	21	1	0	7	97	435	0	50	0	130	0	1	214	92	1	157	0	0	1	66	7	135	1	253	0	0	0	288	173	4	1	28	0	0
sk__Bacteria;k__;p__Actinobacteria;c__Acidimicrobiia	747	27	338	0	808	98	1	195	600	785	146	0	215	0	1247	565	442	38377	1705	671	79	0	5	114	987	338	2119	38	0	3048	76	4	1636	2937	60	154	4	239	727	2052	1	31	0	235	2	20	2601	103	0	175	3198	41	164	143	2228	550	2148	245	18	0	463	997	333	893	491	71	2	0
sk__Bacteria;k__;p__Actinobacteria;c__Acidimicrobiia;o__Acidimicrobiales	4	0	4	0	0	1	0	0	0	5	0	0	0	0	0	0	4	46	0	0	0	0	0	3	0	0	0	0	0	0	0	0	1	0	0	0	0	0	0	11	0	0	0	2	0	0	0	0	0	4	0	0	0	1	0	3	1	0	0	0	0	0	1	0	0	1	0	0
sk__Bacteria;k__;p__Actinobacteria;c__Acidimicrobiia;o__Acidimicrobiales;f__Acidimicrobiaceae	1	0	12	0	0	4	0	0	0	18	0	0	0	0	0	1	2	74	0	0	0	0	0	3	0	0	0	0	0	0	2	0	0	0	0	0	0	1	0	1	0	0	0	4	1	0	0	0	0	7	0	0	0	2	0	8	0	0	0	0	0	0	5	0	0	3	0	0
sk__Bacteria;k__;p__Actinobacteria;c__Acidimicrobiia;o__Acidimicrobiales;f__Acidimicrobiaceae;g__Ferrithrix	0	0	0	0	0	0	0	0	0	0	0	0	0	0	1	0	0	1	0	0	0	0	0	0	0	0	0	0	0	0	0	0	0	0	0	0	0	0	0	0	0	0	0	0	0	0	0	0	0	0	0	0	0	0	0	0	0	0	0	0	0	0	0	0	0	0	0	0
sk__Bacteria;k__;p__Actinobacteria;c__Acidimicrobiia;o__Acidimicrobiales;f__Iamiaceae	0	0	0	0	0	0	0	0	0	0	0	0	0	0	0	0	0	3	0	0	0	0	0	0	0	0	0	0	0	1	0	0	0	0	0	0	0	0	0	1	0	0	0	0	0	0	0	0	0	0	0	0	0	0	0	0	0	0	0	0	0	0	1	0	0	0	0	0
sk__Bacteria;k__;p__Actinobacteria;c__Acidimicrobiia;o__Acidimicrobiales;f__Iamiaceae;g__Iamia	0	0	0	0	0	0	0	0	0	0	0	0	0	0	0	0	0	7	0	0	0	0	0	0	0	0	0	0	0	0	0	0	0	0	0	0	0	0	0	1	0	0	0	0	0	0	0	5	0	0	0	0	0	0	0	0	0	0	0	0	0	0	1	0	0	0	0	0
sk__Bacteria;k__;p__Actinobacteria;c__Acidimicrobiia;o__Acidimicrobiales;f__Ilumatobacteraceae	0	1	2	0	0	1	5	0	0	7	0	0	2	0	0	0	0	76	1	0	1	0	2	0	1	5	0	0	1	3	0	0	1	1	1	0	0	0	4	0	0	0	0	0	0	0	0	0	0	0	1	0	0	1	13	6	10	0	0	1	0	5	0	0	0	0	0	0
sk__Bacteria;k__;p__Actinobacteria;c__Actinobacteria	31	9	9	34	81	11	63	10	11	29	14	19	102	67	59	104	46	3246	47	13	2	159	125	0	24	155	63	1	67	126	7	98	15	54	0	14	67	2	5	24	202	0	136	3	57	13	41	8	109	4	56	27	4	25	175	15	75	21	104	55	11	17	7	29	44	6	111	98
sk__Bacteria;k__;p__Actinobacteria;c__Actinobacteria;o__Acidothermales	1	0	0	0	0	0	0	0	0	0	0	0	0	0	0	0	0	4	0	0	0	0	0	0	1	0	0	0	0	0	0	0	0	0	0	0	0	0	0	1	0	0	0	0	0	0	0	0	0	0	0	0	0	0	0	1	0	0	0	0	0	0	0	0	0	0	0	0
sk__Bacteria;k__;p__Actinobacteria;c__Actinobacteria;o__Acidothermales;f__Acidothermaceae	1	0	0	0	0	0	0	0	1	0	0	0	0	0	0	0	0	2	0	0	0	0	0	0	0	0	0	0	0	0	0	0	0	0	0	0	0	0	0	0	0	0	0	0	0	0	0	0	0	0	0	0	0	0	0	0	0	0	0	0	0	0	0	0	0	0	0	0
sk__Bacteria;k__;p__Actinobacteria;c__Actinobacteria;o__Acidothermales;f__Acidothermaceae;g__Acidothermus	16	0	0	0	0	1	0	0	1	4	0	0	15	0	0	0	0	121	2	0	3	0	0	1	0	0	0	0	0	0	0	0	5	0	0	0	0	4	17	0	0	0	0	1	0	0	0	1	0	0	3	0	0	4	0	1	0	16	0	0	0	16	0	10	0	0	0	0
sk__Bacteria;k__;p__Actinobacteria;c__Actinobacteria;o__Actinomycetales	0	0	0	0	59	0	0	0	0	0	0	0	0	0	0	0	0	59	0	0	0	0	0	0	0	0	0	0	0	0	0	0	0	0	0	0	0	0	0	0	0	0	0	0	0	0	0	0	0	0	0	0	0	0	0	0	0	0	0	0	0	0	0	0	0	0	0	0
sk__Bacteria;k__;p__Actinobacteria;c__Actinobacteria;o__Bifidobacteriales;f__Bifidobacteriaceae;g__Gardnerella	0	0	0	0	0	0	0	0	1	0	0	0	0	0	0	0	0	6	0	0	0	0	0	0	0	0	0	0	1	0	1	0	0	0	1	0	1	0	0	0	0	0	0	0	0	0	0	0	0	0	0	0	0	0	0	0	0	0	0	0	0	0	0	0	0	0	0	0
sk__Bacteria;k__;p__Actinobacteria;c__Actinobacteria;o__Bifidobacteriales;f__Bifidobacteriaceae;g__Gardnerella;s__Gardnerella_vaginalis	0	0	0	0	0	0	0	0	0	0	0	0	0	0	0	0	0	1	0	0	0	0	0	0	0	0	0	0	0	0	0	0	0	0	0	0	0	0	0	0	0	0	0	0	0	0	0	0	0	1	0	0	0	0	0	0	0	0	0	0	0	0	0	0	0	0	0	0
sk__Bacteria;k__;p__Actinobacteria;c__Actinobacteria;o__Corynebacteriales;f__;g__Lawsonella	0	0	0	0	0	0	0	0	0	0	0	0	0	0	5	0	0	5	0	0	0	0	0	0	0	0	0	0	0	0	0	0	0	0	0	0	0	0	0	0	0	0	0	0	0	0	0	0	0	0	0	0	0	0	0	0	0	0	0	0	0	0	0	0	0	0	0	0
sk__Bacteria;k__;p__Actinobacteria;c__Actinobacteria;o__Corynebacteriales;f__Corynebacteriaceae	0	0	0	0	0	0	0	1	0	0	0	0	0	0	0	0	0	4	0	0	0	0	0	0	0	0	0	0	0	0	0	0	0	0	0	0	0	0	0	0	0	0	0	0	0	0	0	0	0	0	0	0	0	0	0	0	2	0	0	0	0	0	0	0	0	0	0	0
sk__Bacteria;k__;p__Actinobacteria;c__Actinobacteria;o__Cryptosporangiales	0	0	0	0	0	0	1	5	0	0	0	0	0	1	6	0	0	79	1	0	0	1	0	0	0	2	0	0	0	16	0	0	0	7	0	0	1	0	0	0	0	0	0	0	0	0	3	0	0	0	3	0	0	0	14	1	6	0	0	0	1	0	0	5	2	0	0	3
sk__Bacteria;k__;p__Actinobacteria;c__Actinobacteria;o__Cryptosporangiales;f__Cryptosporangiaceae	0	0	0	0	1	0	0	0	0	0	0	0	0	0	2	1	0	15	0	0	0	0	0	0	2	1	0	0	0	5	0	0	0	0	0	0	0	0	0	0	0	0	0	0	0	0	0	0	0	0	0	0	0	0	1	0	1	0	0	0	0	0	0	1	0	0	0	0
sk__Bacteria;k__;p__Actinobacteria;c__Actinobacteria;o__Cryptosporangiales;f__Cryptosporangiaceae;g__Cryptosporangium	0	0	0	0	12	0	3	12	1	1	1	0	0	1	28	2	0	382	12	0	0	5	2	0	4	6	1	0	3	92	0	2	1	44	0	0	2	0	0	0	7	0	1	0	1	0	0	0	0	0	8	0	1	0	32	0	57	0	3	2	6	1	0	21	2	0	2	2
sk__Bacteria;k__;p__Actinobacteria;c__Actinobacteria;o__Frankiales	61	31	7	827	39	9	232	13	29	41	4	153	11	242	39	330	175	12302	74	1	0	338	336	0	13	816	26	1	204	151	5	1780	7	219	6	5	240	4	3	37	911	4	320	0	1408	111	25	4	262	6	77	72	12	13	104	28	71	12	503	233	19	26	3	51	22	1	319	341
sk__Bacteria;k__;p__Actinobacteria;c__Actinobacteria;o__Frankiales;f__;g__;s__Frankiales_bacterium	0	0	0	4	0	0	0	0	0	0	0	0	0	0	0	0	0	23	0	0	0	0	0	0	0	0	0	0	0	0	0	9	0	0	0	0	0	0	0	0	0	0	0	0	6	0	0	0	0	0	0	0	0	0	0	0	0	0	0	0	0	0	0	0	0	0	0	0
sk__Bacteria;k__;p__Actinobacteria;c__Actinobacteria;o__Frankiales;f__Frankiaceae	0	0	0	0	0	0	0	0	0	0	0	0	0	0	6	0	0	54	2	0	0	0	2	0	0	0	1	0	0	13	0	0	0	11	0	0	0	0	0	1	0	0	0	0	0	0	0	0	0	0	2	0	0	0	5	0	5	0	0	0	3	0	0	2	1	0	0	0
sk__Bacteria;k__;p__Actinobacteria;c__Actinobacteria;o__Frankiales;f__Frankiaceae;g__Frankia	0	0	0	0	0	0	0	0	0	0	0	0	0	0	1	0	0	2	0	0	0	0	0	0	0	0	0	0	0	0	0	0	0	0	0	0	0	0	0	0	0	0	0	0	0	0	0	0	0	0	0	0	0	0	0	0	0	0	0	0	0	0	0	1	0	0	0	0
sk__Bacteria;k__;p__Actinobacteria;c__Actinobacteria;o__Frankiales;f__Frankiaceae;g__Jatrophihabitans	0	0	0	0	0	0	0	0	0	0	0	0	0	0	0	0	0	80	2	0	0	0	0	0	2	2	24	0	0	0	0	1	3	0	0	0	0	0	1	3	0	0	0	0	0	0	8	0	0	0	0	0	0	0	1	0	0	10	0	0	0	0	0	0	23	0	0	0
sk__Bacteria;k__;p__Actinobacteria;c__Actinobacteria;o__Geodermatophilales	0	0	0	0	0	0	0	0	0	0	0	0	0	0	0	1	0	8	0	0	0	0	0	0	0	0	0	0	1	0	0	0	2	1	0	0	0	0	0	0	0	0	0	0	0	0	0	0	0	0	0	0	0	0	0	0	1	0	2	0	0	0	0	0	0	0	0	0
sk__Bacteria;k__;p__Actinobacteria;c__Actinobacteria;o__Geodermatophilales;f__Geodermatophilaceae	4	0	1	11	1	2	80	6	1	9	1	6	14	162	45	89	18	2352	9	0	2	156	151	1	7	75	7	2	79	20	2	26	16	17	0	0	281	7	5	4	197	0	147	1	9	0	7	6	88	1	8	25	0	15	25	9	49	1	48	89	8	1	0	3	2	0	124	152
sk__Bacteria;k__;p__Actinobacteria;c__Actinobacteria;o__Geodermatophilales;f__Geodermatophilaceae;g__Blastococcus	1	0	1	0	0	0	6	1	0	4	0	2	0	5	3	6	0	228	0	0	0	28	15	0	0	8	2	0	18	0	0	2	3	0	0	0	3	2	0	1	12	0	21	0	1	0	2	2	26	0	0	0	0	2	3	1	0	0	1	7	0	0	0	1	0	0	14	23
sk__Bacteria;k__;p__Actinobacteria;c__Actinobacteria;o__Geodermatophilales;f__Geodermatophilaceae;g__Geodermatophilus	0	0	0	4	0	1	21	0	0	0	1	1	0	62	19	0	1	869	0	1	0	98	69	0	0	28	7	0	31	6	0	10	1	5	1	0	31	1	0	0	70	0	79	0	1	0	0	0	63	1	0	11	0	2	2	1	8	0	3	48	3	1	0	0	0	0	75	113
sk__Bacteria;k__;p__Actinobacteria;c__Actinobacteria;o__Geodermatophilales;f__Geodermatophilaceae;g__Modestobacter	0	0	0	0	0	0	0	0	0	2	0	0	1	0	0	30	4	37	0	0	0	0	0	0	0	0	0	0	0	0	0	0	0	0	0	0	0	0	0	0	0	0	0	0	0	0	0	0	0	0	0	0	0	0	0	0	0	0	0	0	0	0	0	0	0	0	0	0
sk__Bacteria;k__;p__Actinobacteria;c__Actinobacteria;o__Glycomycetales	0	0	0	0	0	0	0	0	0	0	0	0	6	0	0	0	0	8	0	0	0	0	0	0	0	0	0	0	0	0	1	0	0	0	0	0	0	0	0	0	0	0	0	0	0	0	0	0	0	0	0	0	0	1	0	0	0	0	0	0	0	0	0	0	0	0	0	0
sk__Bacteria;k__;p__Actinobacteria;c__Actinobacteria;o__Glycomycetales;f__Glycomycetaceae	0	0	0	0	0	0	0	0	0	0	0	0	13	0	0	0	0	18	0	0	0	0	0	0	0	0	0	0	0	0	0	0	0	0	0	0	0	0	0	0	0	1	0	0	0	0	0	0	0	2	0	0	0	2	0	0	0	0	0	0	0	0	0	0	0	0	0	0
sk__Bacteria;k__;p__Actinobacteria;c__Actinobacteria;o__Glycomycetales;f__Glycomycetaceae;g__Glycomyces	0	0	0	0	0	0	0	0	0	0	0	0	0	0	0	0	0	5	0	0	0	0	0	0	0	0	0	1	0	0	0	0	0	0	0	0	0	0	0	0	0	0	0	0	0	0	0	4	0	0	0	0	0	0	0	0	0	0	0	0	0	0	0	0	0	0	0	0
sk__Bacteria;k__;p__Actinobacteria;c__Actinobacteria;o__Kineosporiales	0	0	0	0	0	0	0	0	0	0	0	0	0	0	0	1	0	3	0	0	0	0	0	0	0	0	0	0	0	0	0	0	0	0	0	0	0	0	0	1	0	0	0	0	0	0	0	0	0	0	0	0	0	0	0	0	0	0	0	1	0	0	0	0	0	0	0	0
sk__Bacteria;k__;p__Actinobacteria;c__Actinobacteria;o__Kineosporiales;f__Kineosporiaceae	1	1	0	0	0	0	0	0	0	0	0	0	1	0	0	7	0	22	0	0	0	0	0	0	0	4	0	0	0	0	0	0	0	0	0	0	0	0	0	0	3	0	1	0	0	0	0	0	0	0	0	0	0	0	0	0	0	1	0	0	0	1	0	0	0	0	0	0
sk__Bacteria;k__;p__Actinobacteria;c__Actinobacteria;o__Kineosporiales;f__Kineosporiaceae;g__Quadrisphaera	0	0	0	0	2	0	0	0	0	0	0	0	0	0	0	2	0	6	0	0	0	0	0	0	0	0	0	0	0	0	0	0	0	0	0	0	0	0	0	0	0	0	0	0	0	0	0	0	0	0	0	0	0	1	0	0	0	1	0	0	0	0	0	0	0	0	0	0
sk__Bacteria;k__;p__Actinobacteria;c__Actinobacteria;o__Micrococcales	0	0	0	0	0	0	0	0	0	0	0	0	0	0	0	4	1	26	0	0	0	3	0	0	0	0	0	0	1	0	0	1	0	0	0	0	0	0	0	0	3	0	1	0	0	0	0	0	1	0	0	0	0	0	2	0	1	0	0	0	0	0	1	0	0	0	1	1
sk__Bacteria;k__;p__Actinobacteria;c__Actinobacteria;o__Micrococcales;f__Cellulomonadaceae	0	0	0	0	0	0	0	0	0	0	0	0	0	0	0	1	0	2	0	0	0	0	0	0	0	0	0	0	0	0	0	0	0	0	0	0	0	0	0	0	0	0	0	0	0	0	0	1	0	0	0	0	0	0	0	0	0	0	0	0	0	0	0	0	0	0	0	0
sk__Bacteria;k__;p__Actinobacteria;c__Actinobacteria;o__Micrococcales;f__Cellulomonadaceae;g__Actinotalea	0	0	0	0	0	0	0	0	0	0	0	0	0	0	0	10	1	14	0	0	0	0	0	0	0	0	0	0	0	0	0	0	0	0	0	0	0	0	0	0	1	0	0	0	0	0	0	1	0	0	0	0	0	0	0	0	0	0	0	0	0	1	0	0	0	0	0	0
sk__Bacteria;k__;p__Actinobacteria;c__Actinobacteria;o__Micrococcales;f__Cellulomonadaceae;g__Cellulomonas	0	0	0	0	0	0	0	0	0	0	0	0	0	0	0	3	0	4	0	0	0	0	0	0	0	0	0	0	0	0	0	0	0	0	0	0	0	0	0	0	0	0	0	0	0	0	0	0	0	0	0	0	0	0	0	0	0	0	0	0	0	1	0	0	0	0	0	0
sk__Bacteria;k__;p__Actinobacteria;c__Actinobacteria;o__Micrococcales;f__Cellulomonadaceae;g__Cellulomonas;s__Cellulomonas_aerilata	0	0	0	0	0	0	0	0	0	0	0	0	0	0	0	1	0	1	0	0	0	0	0	0	0	0	0	0	0	0	0	0	0	0	0	0	0	0	0	0	0	0	0	0	0	0	0	0	0	0	0	0	0	0	0	0	0	0	0	0	0	0	0	0	0	0	0	0
sk__Bacteria;k__;p__Actinobacteria;c__Actinobacteria;o__Micrococcales;f__Dermabacteraceae;g__Brachybacterium	0	0	0	0	0	0	0	0	0	0	0	0	0	0	0	0	0	1	0	0	0	0	0	0	0	0	0	0	0	0	0	0	0	0	0	0	0	0	0	0	1	0	0	0	0	0	0	0	0	0	0	0	0	0	0	0	0	0	0	0	0	0	0	0	0	0	0	0
sk__Bacteria;k__;p__Actinobacteria;c__Actinobacteria;o__Micrococcales;f__Intrasporangiaceae;g__Knoellia	0	0	0	0	0	0	0	0	0	0	0	0	0	0	0	1	0	1	0	0	0	0	0	0	0	0	0	0	0	0	0	0	0	0	0	0	0	0	0	0	0	0	0	0	0	0	0	0	0	0	0	0	0	0	0	0	0	0	0	0	0	0	0	0	0	0	0	0
sk__Bacteria;k__;p__Actinobacteria;c__Actinobacteria;o__Micrococcales;f__Microbacteriaceae	0	0	0	0	0	0	0	0	0	0	0	0	0	0	0	0	0	2	0	0	0	0	0	0	0	0	0	0	0	0	0	0	0	0	0	0	0	0	0	0	0	0	0	0	0	0	0	1	0	0	0	0	0	1	0	0	0	0	0	0	0	0	0	0	0	0	0	0
sk__Bacteria;k__;p__Actinobacteria;c__Actinobacteria;o__Micrococcales;f__Microbacteriaceae;g__Amnibacterium	0	0	0	0	0	0	0	0	0	0	0	0	0	0	0	0	0	3	0	0	0	3	0	0	0	0	0	0	0	0	0	0	0	0	0	0	0	0	0	0	0	0	0	0	0	0	0	0	0	0	0	0	0	0	0	0	0	0	0	0	0	0	0	0	0	0	0	0
sk__Bacteria;k__;p__Actinobacteria;c__Actinobacteria;o__Micrococcales;f__Micrococcaceae	2	0	0	0	0	0	0	0	0	3	0	0	0	0	2	0	0	18	0	0	0	2	0	0	0	0	0	1	0	0	0	0	0	0	0	0	0	0	0	2	1	0	0	1	0	0	0	0	0	0	1	0	1	1	0	0	0	0	1	0	0	0	0	0	0	0	0	0
sk__Bacteria;k__;p__Actinobacteria;c__Actinobacteria;o__Micrococcales;f__Micrococcaceae;g__Arthrobacter	1	0	0	0	0	0	0	0	0	3	0	0	0	0	3	42	8	70	0	0	0	0	0	0	0	0	0	0	0	0	0	0	0	0	1	1	0	0	0	0	0	0	0	1	0	0	0	3	0	0	2	2	2	0	0	0	0	0	1	0	0	0	0	0	0	0	0	0
sk__Bacteria;k__;p__Actinobacteria;c__Actinobacteria;o__Micrococcales;f__Micrococcaceae;g__Arthrobacter;s__Arthrobacter_agilis	0	0	0	0	0	0	0	0	0	0	0	0	0	0	0	3	2	5	0	0	0	0	0	0	0	0	0	0	0	0	0	0	0	0	0	0	0	0	0	0	0	0	0	0	0	0	0	0	0	0	0	0	0	0	0	0	0	0	0	0	0	0	0	0	0	0	0	0
sk__Bacteria;k__;p__Actinobacteria;c__Actinobacteria;o__Micrococcales;f__Micrococcaceae;g__Kocuria	0	0	0	0	0	0	0	0	0	0	0	0	0	0	0	0	0	5	0	0	0	0	0	0	0	0	0	0	0	0	0	0	0	0	0	5	0	0	0	0	0	0	0	0	0	0	0	0	0	0	0	0	0	0	0	0	0	0	0	0	0	0	0	0	0	0	0	0
sk__Bacteria;k__;p__Actinobacteria;c__Actinobacteria;o__Micrococcales;f__Micrococcaceae;g__Paenarthrobacter	0	0	0	0	0	0	1	0	0	0	0	0	0	0	0	0	0	1	0	0	0	0	0	0	0	0	0	0	0	0	0	0	0	0	0	0	0	0	0	0	0	0	0	0	0	0	0	0	0	0	0	0	0	0	0	0	0	0	0	0	0	0	0	0	0	0	0	0
sk__Bacteria;k__;p__Actinobacteria;c__Actinobacteria;o__Micrococcales;f__Micrococcaceae;g__Pseudarthrobacter	0	0	0	0	0	0	0	0	0	0	0	0	0	0	0	0	0	1	0	0	0	0	0	0	0	0	0	0	0	0	0	0	0	0	0	0	0	0	0	0	0	0	0	0	0	0	0	1	0	0	0	0	0	0	0	0	0	0	0	0	0	0	0	0	0	0	0	0
sk__Bacteria;k__;p__Actinobacteria;c__Actinobacteria;o__Micrococcales;f__Micrococcaceae;g__Rothia	0	0	0	0	0	0	0	0	0	0	0	0	0	0	0	0	0	5	0	0	0	0	0	0	0	0	0	0	0	0	0	0	0	2	0	0	0	0	0	0	0	1	0	0	0	0	0	0	0	0	0	0	0	0	0	0	0	0	0	0	0	0	0	2	0	0	0	0
sk__Bacteria;k__;p__Actinobacteria;c__Actinobacteria;o__Micrococcales;f__Promicromonosporaceae	0	0	0	0	0	0	0	0	0	0	0	0	0	0	0	0	0	1	0	0	0	0	0	0	0	0	0	0	0	0	0	0	0	0	0	0	0	0	0	0	0	0	0	0	0	0	0	1	0	0	0	0	0	0	0	0	0	0	0	0	0	0	0	0	0	0	0	0
sk__Bacteria;k__;p__Actinobacteria;c__Actinobacteria;o__Micromonosporales	0	0	0	0	0	0	0	0	0	0	0	0	0	0	0	0	0	1	0	0	0	0	0	0	0	0	0	0	0	0	0	0	0	0	0	0	0	0	0	0	0	0	0	0	0	0	0	0	1	0	0	0	0	0	0	0	0	0	0	0	0	0	0	0	0	0	0	0
sk__Bacteria;k__;p__Actinobacteria;c__Actinobacteria;o__Micromonosporales;f__Micromonosporaceae	0	0	1	0	0	0	0	0	0	0	0	0	2	0	0	0	0	8	0	0	0	0	1	0	0	0	0	0	0	0	0	0	0	1	0	0	0	0	0	1	0	0	0	0	0	0	0	0	1	0	0	0	0	1	0	0	0	0	0	0	0	0	0	0	0	0	0	0
sk__Bacteria;k__;p__Actinobacteria;c__Actinobacteria;o__Micromonosporales;f__Micromonosporaceae;g__Longispora	0	0	0	0	0	0	0	0	0	0	0	0	0	0	0	0	0	3	0	0	1	0	0	0	0	0	0	2	0	0	0	0	0	0	0	0	0	0	0	0	0	0	0	0	0	0	0	0	0	0	0	0	0	0	0	0	0	0	0	0	0	0	0	0	0	0	0	0
sk__Bacteria;k__;p__Actinobacteria;c__Actinobacteria;o__Nakamurellales	0	0	0	0	0	0	0	0	0	0	0	0	0	0	0	0	0	5	0	2	0	0	0	0	0	0	0	0	1	0	0	0	0	0	0	0	0	0	0	0	1	0	0	0	0	0	0	0	1	0	0	0	0	0	0	0	0	0	0	0	0	0	0	0	0	0	0	0
sk__Bacteria;k__;p__Actinobacteria;c__Actinobacteria;o__Nakamurellales;f__Nakamurellaceae	0	0	0	0	0	0	1	0	0	0	0	0	1	0	0	0	0	33	0	0	0	6	0	0	0	0	0	0	2	0	0	0	0	0	0	0	0	0	0	0	0	0	1	0	0	0	0	0	15	0	0	0	0	0	0	1	0	0	0	0	0	0	0	0	0	0	1	5
sk__Bacteria;k__;p__Actinobacteria;c__Actinobacteria;o__Nakamurellales;f__Nakamurellaceae;g__Nakamurella	0	0	0	0	0	0	0	0	0	0	0	0	1	0	0	0	0	7	0	0	0	2	0	0	0	0	0	0	2	0	0	0	0	0	0	0	0	0	0	0	0	0	0	0	0	0	0	2	1	0	0	0	0	0	0	0	0	0	0	0	0	0	0	0	0	0	0	0
sk__Bacteria;k__;p__Actinobacteria;c__Actinobacteria;o__Propionibacteriales	0	0	0	0	0	0	0	0	0	0	0	0	0	0	0	1	0	4	0	0	0	0	0	0	0	0	0	0	0	0	0	0	0	0	0	0	0	0	0	2	0	0	0	0	0	0	0	0	0	0	0	0	0	0	0	1	0	0	0	0	0	0	0	0	0	0	0	0
sk__Bacteria;k__;p__Actinobacteria;c__Actinobacteria;o__Propionibacteriales;f__Nocardioidaceae	11	2	0	0	0	0	0	0	23	10	0	0	15	0	0	18	20	165	1	1	3	0	0	0	0	0	5	0	0	0	0	0	6	0	2	0	0	0	0	2	0	0	0	0	0	0	0	0	0	1	0	0	0	10	2	7	0	0	0	0	2	22	2	0	0	0	0	0
sk__Bacteria;k__;p__Actinobacteria;c__Actinobacteria;o__Propionibacteriales;f__Nocardioidaceae;g__Friedmanniella	0	0	0	0	0	0	0	0	0	0	0	0	0	0	0	5	1	9	0	0	0	0	0	0	0	0	0	0	0	0	0	0	0	0	0	0	0	0	0	0	0	0	0	0	0	0	0	0	0	0	0	0	0	1	0	0	0	0	0	0	0	1	0	1	0	0	0	0
sk__Bacteria;k__;p__Actinobacteria;c__Actinobacteria;o__Propionibacteriales;f__Nocardioidaceae;g__Marmoricola	0	0	0	0	0	0	0	0	0	0	0	0	1	0	0	1	1	8	0	0	0	0	0	0	0	0	2	0	0	0	0	0	0	1	0	0	0	0	0	0	0	0	0	0	0	0	0	0	0	0	0	0	0	1	0	0	0	0	1	0	0	0	0	0	0	0	0	0
sk__Bacteria;k__;p__Actinobacteria;c__Actinobacteria;o__Propionibacteriales;f__Nocardioidaceae;g__Nocardioides	13	4	9	0	1	1	0	0	50	4	0	2	16	0	0	67	15	244	1	0	1	0	0	1	6	0	4	0	0	0	0	0	2	1	0	0	0	0	0	0	0	3	0	0	0	0	3	0	0	0	0	0	0	0	1	1	0	0	6	0	0	32	0	0	0	0	0	0
sk__Bacteria;k__;p__Actinobacteria;c__Actinobacteria;o__Propionibacteriales;f__Propionibacteriaceae	0	0	0	0	0	3	0	6	0	0	0	0	0	1	0	0	0	66	0	0	1	0	2	0	0	0	0	0	0	0	0	0	3	5	0	1	18	0	0	0	12	0	0	0	4	1	1	0	0	0	0	0	0	0	1	0	2	0	1	0	0	0	0	2	1	0	0	1
sk__Bacteria;k__;p__Actinobacteria;c__Actinobacteria;o__Propionibacteriales;f__Propionibacteriaceae;g__Auraticoccus	0	0	0	0	0	0	0	0	0	0	0	0	0	0	0	1	0	1	0	0	0	0	0	0	0	0	0	0	0	0	0	0	0	0	0	0	0	0	0	0	0	0	0	0	0	0	0	0	0	0	0	0	0	0	0	0	0	0	0	0	0	0	0	0	0	0	0	0
sk__Bacteria;k__;p__Actinobacteria;c__Actinobacteria;o__Propionibacteriales;f__Propionibacteriaceae;g__Cutibacterium	0	0	0	0	0	3	0	6	1	0	0	0	0	0	0	0	0	48	0	0	0	1	1	0	0	0	0	0	0	1	0	0	1	4	0	5	11	0	0	0	7	0	0	0	2	1	1	0	0	0	0	0	0	0	1	0	1	0	2	0	0	0	0	0	0	0	0	0
sk__Bacteria;k__;p__Actinobacteria;c__Actinobacteria;o__Propionibacteriales;f__Propionibacteriaceae;g__Microlunatus	0	0	0	0	0	0	0	0	0	0	0	0	0	0	0	1	0	1	0	0	0	0	0	0	0	0	0	0	0	0	0	0	0	0	0	0	0	0	0	0	0	0	0	0	0	0	0	0	0	0	0	0	0	0	0	0	0	0	0	0	0	0	0	0	0	0	0	0
sk__Bacteria;k__;p__Actinobacteria;c__Actinobacteria;o__Pseudonocardiales	1	0	0	0	0	0	0	0	0	0	0	0	0	0	0	1	0	9	0	0	0	0	0	0	0	0	0	0	0	0	0	1	1	0	0	0	0	0	0	0	0	0	1	0	0	0	0	0	0	2	0	0	0	0	0	0	0	0	1	0	0	0	0	0	0	0	0	0
sk__Bacteria;k__;p__Actinobacteria;c__Actinobacteria;o__Pseudonocardiales;f__Pseudonocardiaceae	0	0	21	0	30	4	0	0	48	4	0	0	8	0	0	1	3	312	0	44	4	0	3	3	0	0	0	4	0	1	6	1	21	0	1	0	0	0	1	1	1	2	2	3	0	0	0	4	1	15	0	0	0	1	0	0	0	0	0	0	0	60	12	0	0	1	0	0
sk__Bacteria;k__;p__Actinobacteria;c__Actinobacteria;o__Pseudonocardiales;f__Pseudonocardiaceae;g__Actinomycetospora	0	0	0	0	0	2	0	0	0	0	0	0	0	0	0	0	0	7	0	0	0	0	0	0	0	0	0	1	0	0	0	0	0	0	0	0	0	0	0	0	0	1	0	0	0	0	0	3	0	0	0	0	0	0	0	0	0	0	0	0	0	0	0	0	0	0	0	0
sk__Bacteria;k__;p__Actinobacteria;c__Actinobacteria;o__Pseudonocardiales;f__Pseudonocardiaceae;g__Amycolatopsis	0	0	0	0	0	0	0	0	0	0	0	0	0	0	0	0	0	2	0	0	0	0	0	0	0	0	0	0	0	0	0	0	0	0	0	0	0	0	0	0	0	2	0	0	0	0	0	0	0	0	0	0	0	0	0	0	0	0	0	0	0	0	0	0	0	0	0	0
sk__Bacteria;k__;p__Actinobacteria;c__Actinobacteria;o__Pseudonocardiales;f__Pseudonocardiaceae;g__Crossiella	80	0	20	0	101	29	0	0	57	16	0	0	405	0	0	0	1	2317	0	331	10	0	0	10	0	1	0	10	0	23	3	2	374	1	0	18	0	7	263	0	0	0	0	7	1	0	0	9	0	10	2	0	0	56	0	8	0	265	0	0	0	169	12	0	13	3	0	0
sk__Bacteria;k__;p__Actinobacteria;c__Actinobacteria;o__Pseudonocardiales;f__Pseudonocardiaceae;g__Pseudonocardia	4	0	4	0	9	3	0	0	0	0	0	0	5	0	7	11	0	183	3	8	1	0	1	3	6	1	8	0	0	6	0	1	2	33	0	0	0	0	11	8	1	1	1	2	0	0	1	2	0	2	8	0	0	1	7	0	12	1	0	0	6	0	1	4	0	0	0	0
sk__Bacteria;k__;p__Actinobacteria;c__Actinobacteria;o__Sporichthyales	0	0	0	0	0	0	0	0	0	0	0	0	0	0	0	0	0	7	0	0	0	0	0	0	0	0	0	0	0	0	0	1	0	0	0	0	0	0	0	0	0	0	0	1	0	0	0	0	0	0	0	0	0	0	5	0	0	0	0	0	0	0	0	0	0	0	0	0
sk__Bacteria;k__;p__Actinobacteria;c__Actinobacteria;o__Sporichthyales;f__Sporichthyaceae	16	3	3	0	0	0	0	0	5	11	0	0	6	0	7	3	15	381	32	1	3	4	3	1	35	0	25	1	2	0	0	2	7	0	2	0	1	1	10	0	0	0	4	0	4	0	3	0	4	3	42	0	0	7	32	16	16	2	1	1	4	2	5	1	5	22	3	3
sk__Bacteria;k__;p__Actinobacteria;c__Actinobacteria;o__Sporichthyales;f__Sporichthyaceae;g__Sporichthya	0	0	3	0	0	2	0	0	0	0	0	0	0	0	0	0	0	11	0	0	0	0	0	0	0	0	0	0	0	0	0	0	0	0	0	0	0	0	0	0	0	0	0	0	0	0	0	0	0	1	3	0	0	0	0	1	0	0	0	0	0	0	1	0	0	0	0	0
sk__Bacteria;k__;p__Actinobacteria;c__Actinobacteria;o__Sporichthyales;f__Sporichthyaceae;g__Sporichthya;s__Sporichthya_polymorpha	0	0	0	0	0	0	0	0	0	0	0	0	0	0	0	0	0	2	0	0	0	0	0	0	1	0	0	0	0	0	0	0	0	0	1	0	0	0	0	0	0	0	0	0	0	0	0	0	0	0	0	0	0	0	0	0	0	0	0	0	0	0	0	0	0	0	0	0
sk__Bacteria;k__;p__Actinobacteria;c__Actinobacteria;o__Streptomycetales	0	0	0	0	0	0	0	0	0	0	0	0	0	0	0	0	0	0	0	0	0	0	0	0	0	0	0	0	0	0	0	1	0	0	0	0	0	0	0	0	0	0	0	0	0	0	0	0	0	0	0	0	0	0	0	0	0	0	0	0	0	0	0	0	0	0	0	0
sk__Bacteria;k__;p__Actinobacteria;c__Actinobacteria;o__Streptomycetales;f__Streptomycetaceae	0	0	0	2	0	0	0	0	0	0	0	0	0	0	0	1	0	34	0	0	0	0	0	0	0	4	0	0	0	0	0	3	0	0	0	0	0	0	0	0	0	2	0	0	11	0	0	2	0	0	0	0	0	0	0	0	0	0	2	1	0	0	0	0	0	0	0	3
sk__Bacteria;k__;p__Actinobacteria;c__Actinobacteria;o__Streptomycetales;f__Streptomycetaceae;g__Streptomyces	0	0	0	0	0	0	0	0	0	0	0	0	0	0	0	0	0	13	0	0	1	0	0	0	0	0	0	4	0	2	0	0	0	0	0	0	0	0	1	0	0	1	0	0	0	0	0	2	0	1	0	0	0	0	0	0	1	0	0	0	0	0	0	0	0	0	0	0
sk__Bacteria;k__;p__Actinobacteria;c__Actinobacteria;o__Streptosporangiales;f__Streptosporangiaceae	0	0	1	0	0	0	0	0	0	0	0	0	0	0	0	0	0	2	0	0	0	0	0	0	0	0	0	0	0	0	1	0	0	0	0	0	0	0	0	0	0	0	0	0	0	0	0	0	0	0	0	0	0	0	0	0	0	0	0	0	0	0	0	0	0	0	0	0
sk__Bacteria;k__;p__Actinobacteria;c__Coriobacteriia;o__Coriobacteriales;f__Atopobiaceae;g__Atopobium	0	0	0	0	0	0	0	0	0	0	0	0	0	0	0	0	0	1	0	0	0	0	0	0	0	0	0	0	0	0	0	0	0	0	0	0	0	0	0	0	0	0	0	0	0	0	0	0	0	0	0	0	0	0	0	0	0	0	0	0	0	0	0	0	0	0	0	1
sk__Bacteria;k__;p__Actinobacteria;c__Coriobacteriia;o__Eggerthellales;f__Eggerthellaceae	0	0	0	0	0	0	0	0	0	0	0	0	0	0	0	0	0	1	0	0	0	0	0	0	0	0	0	0	0	0	0	0	0	0	0	0	0	0	0	0	0	0	0	0	0	0	0	0	0	1	0	0	0	0	0	0	0	0	0	0	0	0	0	0	0	0	0	0
sk__Bacteria;k__;p__Actinobacteria;c__Nitriliruptoria	0	0	1	0	7	0	0	0	0	1	0	0	0	0	0	0	0	12	0	0	0	0	0	0	0	0	0	0	0	0	1	0	0	0	0	0	0	0	0	0	0	0	0	1	0	0	0	0	0	0	0	0	0	0	0	0	0	0	0	0	0	0	0	0	0	1	0	0
sk__Bacteria;k__;p__Actinobacteria;c__Nitriliruptoria;o__Egibacterales;f__Egibacteraceae	0	0	0	0	0	0	0	0	0	0	0	0	1	0	0	0	0	1	0	0	0	0	0	0	0	0	0	0	0	0	0	0	0	0	0	0	0	0	0	0	0	0	0	0	0	0	0	0	0	0	0	0	0	0	0	0	0	0	0	0	0	0	0	0	0	0	0	0
sk__Bacteria;k__;p__Actinobacteria;c__Nitriliruptoria;o__Egibacterales;f__Egibacteraceae;g__Egibacter	0	0	1	0	0	0	0	0	0	0	0	0	0	0	0	0	0	5	0	0	1	0	0	0	0	0	0	2	0	0	0	0	0	0	0	0	0	0	1	0	0	0	0	0	0	0	0	0	0	0	0	0	0	0	0	0	0	0	0	0	0	0	0	0	0	0	0	0
sk__Bacteria;k__;p__Actinobacteria;c__Nitriliruptoria;o__Egicoccales;f__Egicoccaceae	0	0	0	0	1	0	0	0	0	0	0	0	0	0	0	0	0	1	0	0	0	0	0	0	0	0	0	0	0	0	0	0	0	0	0	0	0	0	0	0	0	0	0	0	0	0	0	0	0	0	0	0	0	0	0	0	0	0	0	0	0	0	0	0	0	0	0	0
sk__Bacteria;k__;p__Actinobacteria;c__Nitriliruptoria;o__Euzebyales	0	0	1	0	1	0	0	0	0	0	0	0	0	0	0	0	0	2	0	0	0	0	0	0	0	0	0	0	0	0	0	0	0	0	0	0	0	0	0	0	0	0	0	0	0	0	0	0	0	0	0	0	0	0	0	0	0	0	0	0	0	0	0	0	0	0	0	0
sk__Bacteria;k__;p__Actinobacteria;c__Nitriliruptoria;o__Euzebyales;f__Euzebyaceae	3	0	70	0	440	13	0	0	0	2	2	0	38	0	2	6	3	1142	7	40	32	0	0	4	7	13	52	36	0	6	5	0	8	35	1	0	0	4	4	33	0	5	0	7	0	0	121	18	0	16	19	0	3	14	22	2	0	2	0	0	14	10	12	1	2	7	0	0
sk__Bacteria;k__;p__Actinobacteria;c__Nitriliruptoria;o__Euzebyales;f__Euzebyaceae;g__Euzebya	0	0	0	0	0	0	0	0	0	0	0	0	0	0	0	0	0	3	0	0	0	0	0	0	0	0	0	0	0	0	0	0	0	0	0	0	0	0	0	0	0	0	0	0	0	0	0	3	0	0	0	0	0	0	0	0	0	0	0	0	0	0	0	0	0	0	0	0
sk__Bacteria;k__;p__Actinobacteria;c__Nitriliruptoria;o__Nitriliruptorales	0	0	0	0	0	1	0	0	0	1	0	0	0	0	0	0	0	6	0	0	0	0	0	0	0	0	0	0	0	0	0	0	0	0	0	0	0	0	0	0	0	0	0	0	0	0	0	0	0	4	0	0	0	0	0	0	0	0	0	0	0	0	0	0	0	0	0	0
sk__Bacteria;k__;p__Actinobacteria;c__Nitriliruptoria;o__Nitriliruptorales;f__Nitriliruptoraceae	0	0	257	0	178	70	0	0	3	6	0	0	4	0	0	0	0	1134	0	1	55	0	0	5	0	0	0	51	0	0	65	0	32	0	3	0	0	1	0	0	0	56	0	63	1	0	0	23	0	174	0	0	0	6	1	6	0	0	0	0	0	0	59	0	0	13	0	0
sk__Bacteria;k__;p__Actinobacteria;c__Rubrobacteria	0	0	0	0	0	0	0	0	0	0	0	0	1	0	0	0	0	1	0	0	0	0	0	0	0	0	0	0	0	0	0	0	0	0	0	0	0	0	0	0	0	0	0	0	0	0	0	0	0	0	0	0	0	0	0	0	0	0	0	0	0	0	0	0	0	0	0	0
sk__Bacteria;k__;p__Actinobacteria;c__Rubrobacteria;o__Gaiellales	20	1	306	0	11	152	0	1	253	228	0	0	29	0	0	1	18	2458	9	167	59	0	0	21	6	0	3	32	0	0	36	2	192	0	11	0	0	11	39	26	0	20	0	133	0	0	1	24	0	148	14	0	0	35	1	99	7	12	0	0	0	157	118	2	0	54	0	0
sk__Bacteria;k__;p__Actinobacteria;c__Rubrobacteria;o__Gaiellales;f__Gaiellaceae;g__Gaiella	0	1	15	0	0	3	0	0	3	20	2	0	4	0	0	1	1	231	21	5	4	0	0	0	0	0	0	0	0	0	2	0	5	0	1	0	0	1	15	1	0	1	0	7	0	0	0	4	0	17	19	0	0	4	0	21	26	0	0	0	0	0	14	6	0	5	0	0
sk__Bacteria;k__;p__Actinobacteria;c__Rubrobacteria;o__Rubrobacterales	0	0	0	0	1	0	0	0	0	0	0	0	0	0	0	0	0	15	0	0	0	0	1	0	0	0	0	0	0	0	0	0	1	0	0	0	0	0	0	3	0	0	2	0	0	0	0	0	1	0	0	0	0	0	3	0	0	0	0	0	0	0	0	0	0	0	3	0
sk__Bacteria;k__;p__Actinobacteria;c__Rubrobacteria;o__Rubrobacterales;f__Rubrobacteraceae	0	0	0	0	0	1	0	0	0	0	0	0	0	0	0	0	0	23	0	0	0	0	4	0	0	1	0	0	0	0	0	0	0	0	0	0	0	0	0	2	0	0	5	0	0	0	0	0	5	0	1	0	0	0	0	0	0	0	0	0	0	0	0	0	0	0	3	1
sk__Bacteria;k__;p__Actinobacteria;c__Rubrobacteria;o__Rubrobacterales;f__Rubrobacteraceae;g__Rubrobacter	51	3	118	414	180	72	2558	1	84	76	35	24	388	2365	152	71	62	32296	33	82	47	2155	3097	12	48	536	85	46	1079	113	20	891	170	15	12	7	475	12	14	92	886	16	2933	42	524	20	81	35	3380	61	89	142	0	119	98	49	102	20	503	1885	18	134	39	59	23	32	2800	2424
sk__Bacteria;k__;p__Actinobacteria;c__Thermoleophilia	0	0	15	0	1	7	0	0	6	8	0	0	7	0	0	0	0	94	0	0	3	0	0	1	0	0	0	3	0	0	0	0	1	0	7	0	0	0	0	1	0	1	0	7	0	0	0	3	0	10	0	0	0	4	0	4	0	0	0	0	0	1	3	0	0	0	0	0
sk__Bacteria;k__;p__Actinobacteria;c__Thermoleophilia;o__Solirubrobacterales	8	1	192	3	110	118	6	0	268	139	0	1	206	6	8	4	70	2472	7	67	54	26	16	17	8	16	8	56	18	6	22	4	85	1	15	0	9	5	6	29	7	31	6	57	7	0	42	43	10	90	5	3	1	84	23	73	3	6	13	9	1	175	96	2	8	38	17	9
sk__Bacteria;k__;p__Actinobacteria;c__Thermoleophilia;o__Solirubrobacterales;f__Conexibacteraceae	0	0	0	0	0	0	0	0	0	0	0	0	0	0	1	0	0	8	0	0	0	0	1	0	0	0	0	0	0	1	0	0	0	0	0	0	0	0	0	2	0	0	2	0	0	0	0	0	0	0	0	0	0	1	0	0	0	0	0	0	0	0	0	0	0	0	0	0
sk__Bacteria;k__;p__Actinobacteria;c__Thermoleophilia;o__Solirubrobacterales;f__Conexibacteraceae;g__Conexibacter	0	1	11	8	2	3	2	0	2	12	2	1	55	5	5	5	1	407	0	1	4	28	16	1	0	11	2	7	19	1	2	4	2	0	6	0	9	5	0	0	4	4	8	6	4	0	3	13	8	9	0	1	0	33	0	6	3	0	18	9	0	0	8	0	3	3	25	2
sk__Bacteria;k__;p__Actinobacteria;c__Thermoleophilia;o__Solirubrobacterales;f__Parviterribacteraceae;g__Parviterribacter	2	0	0	0	16	2	0	0	2	0	0	0	10	0	0	6	3	231	3	10	0	1	1	1	22	2	32	0	0	5	0	0	1	1	1	7	0	1	1	1	0	1	0	0	1	0	12	2	0	0	0	0	0	6	34	2	0	2	0	0	3	35	0	1	1	0	0	0
sk__Bacteria;k__;p__Actinobacteria;c__Thermoleophilia;o__Solirubrobacterales;f__Solirubrobacteraceae	14	1	30	0	55	4	0	0	66	19	0	0	7	0	3	1	8	549	0	10	7	0	0	2	1	0	9	8	0	5	3	0	1	1	4	0	0	3	14	2	0	2	0	14	1	0	103	2	0	10	41	0	1	20	10	24	6	0	0	0	0	16	15	1	0	3	0	0
sk__Bacteria;k__;p__Actinobacteria;c__Thermoleophilia;o__Solirubrobacterales;f__Solirubrobacteraceae;g__Solirubrobacter	107	11	76	4	5	40	4	0	142	299	5	4	108	1	2	48	285	2296	12	13	47	5	1	26	29	16	19	9	0	6	10	2	20	19	22	0	0	27	8	46	12	4	2	69	0	2	37	19	1	26	3	0	1	104	21	237	6	12	6	0	16	93	120	1	7	15	2	4
sk__Bacteria;k__;p__Actinobacteria;c__Thermoleophilia;o__Thermoleophilales	0	0	0	0	0	0	0	0	1	0	0	0	0	0	0	0	0	2	0	0	0	0	0	0	0	0	0	0	0	0	0	0	0	0	0	0	0	0	0	0	0	0	0	0	0	0	0	0	0	1	0	0	0	0	0	0	0	0	0	0	0	0	0	0	0	0	0	0
sk__Bacteria;k__;p__Actinobacteria;c__Thermoleophilia;o__Thermoleophilales;f__Thermoleophilaceae;g__Thermoleophilum	0	0	2	0	0	0	0	0	1	0	0	0	0	0	0	0	0	6	0	0	0	0	0	0	0	0	0	0	0	0	0	0	0	0	0	0	0	0	0	0	0	0	0	0	0	0	0	0	0	0	0	0	0	0	0	0	0	0	0	0	0	3	0	0	0	0	0	0
sk__Bacteria;k__;p__Armatimonadetes	0	0	18	0	0	12	0	1	14	43	0	0	28	0	0	0	0	300	0	10	15	0	0	5	0	0	0	2	0	0	3	0	44	0	2	0	0	4	5	17	0	1	0	13	0	0	0	3	0	8	0	0	0	8	0	19	0	0	0	0	0	7	12	0	0	6	0	0
sk__Bacteria;k__;p__Armatimonadetes;c__Armatimonadia;o__Armatimonadales	0	0	0	0	0	1	0	0	3	12	0	0	14	0	0	0	0	75	0	1	2	0	0	0	0	0	0	0	0	0	0	0	0	0	2	0	0	6	0	0	0	0	0	6	0	0	0	4	0	1	0	0	0	7	0	12	0	0	0	0	0	2	2	0	0	0	0	0
sk__Bacteria;k__;p__Armatimonadetes;c__Chthonomonadetes;o__Chthonomonadales	0	0	1	0	0	0	0	0	0	0	0	0	0	0	0	0	0	4	0	0	0	0	0	0	0	0	0	0	0	0	0	0	0	0	0	0	0	0	0	0	0	0	0	1	0	0	0	0	0	2	0	0	0	0	0	0	0	0	0	0	0	0	0	0	0	0	0	0
sk__Bacteria;k__;p__Armatimonadetes;c__Fimbriimonadia;o__Fimbriimonadales;f__Fimbriimonadaceae	0	0	0	0	0	0	0	0	0	0	0	0	0	0	0	0	0	4	0	0	0	0	0	0	0	0	0	0	0	0	0	0	0	0	0	0	0	0	0	0	0	0	0	0	0	0	0	3	0	0	0	0	0	1	0	0	0	0	0	0	0	0	0	0	0	0	0	0
sk__Bacteria;k__;p__Bacteroidetes	0	0	0	0	0	0	0	0	0	0	0	0	1	0	0	0	0	3	0	0	0	0	0	0	0	0	0	0	0	0	0	0	0	0	1	0	0	0	0	0	1	0	0	0	0	0	0	0	0	0	0	0	0	0	0	0	0	0	0	0	0	0	0	0	0	0	0	0
sk__Bacteria;k__;p__Bacteroidetes;c__;o__;f__;g__;s__Bacteroidetes_bacterium_OS-21A	0	0	0	0	0	0	0	0	0	0	0	0	0	0	0	1	0	1	0	0	0	0	0	0	0	0	0	0	0	0	0	0	0	0	0	0	0	0	0	0	0	0	0	0	0	0	0	0	0	0	0	0	0	0	0	0	0	0	0	0	0	0	0	0	0	0	0	0
sk__Bacteria;k__;p__Bacteroidetes;c__;o__Bacteroidetes_Order_II._Incertae_sedis	0	0	0	0	0	0	0	0	0	0	0	0	1	0	0	0	0	11	0	0	0	0	0	0	0	0	0	0	0	0	0	0	5	0	0	0	0	0	0	0	0	0	0	0	0	0	0	5	0	0	0	0	0	0	0	0	0	0	0	0	0	0	0	0	0	0	0	0
sk__Bacteria;k__;p__Bacteroidetes;c__;o__Bacteroidetes_Order_II._Incertae_sedis;f__Rhodothermaceae	0	0	0	0	0	0	0	0	0	0	0	0	0	0	0	0	0	9	0	0	0	0	0	0	0	0	0	1	0	0	0	0	0	0	0	0	0	0	0	0	0	0	0	0	0	0	0	8	0	0	0	0	0	0	0	0	0	0	0	0	0	0	0	0	0	0	0	0
sk__Bacteria;k__;p__Bacteroidetes;c__;o__Bacteroidetes_Order_II._Incertae_sedis;f__Rhodothermaceae;g__Salinibacter	0	0	0	0	0	0	0	0	0	0	0	0	0	0	0	0	0	5	0	0	0	0	0	0	0	0	0	0	0	0	0	0	2	0	0	0	0	0	0	1	0	0	0	0	2	0	0	0	0	0	0	0	0	0	0	0	0	0	0	0	0	0	0	0	0	0	0	0
sk__Bacteria;k__;p__Bacteroidetes;c__Bacteroidia;o__Bacteroidales;f__Porphyromonadaceae	0	0	0	0	0	0	0	0	0	0	0	0	0	0	0	0	0	3	0	0	0	0	0	0	0	0	0	0	0	0	0	0	0	0	0	0	0	0	0	0	3	0	0	0	0	0	0	0	0	0	0	0	0	0	0	0	0	0	0	0	0	0	0	0	0	0	0	0
sk__Bacteria;k__;p__Bacteroidetes;c__Bacteroidia;o__Bacteroidales;f__Porphyromonadaceae;g__Porphyromonas	0	0	0	0	0	0	0	0	0	0	0	0	0	0	0	0	0	4	0	0	0	0	0	0	0	0	0	0	0	0	0	0	0	0	0	0	0	0	0	0	4	0	0	0	0	0	0	0	0	0	0	0	0	0	0	0	0	0	0	0	0	0	0	0	0	0	0	0
sk__Bacteria;k__;p__Bacteroidetes;c__Bacteroidia;o__Bacteroidales;f__Prevotellaceae;g__Prevotella	0	0	0	0	0	0	0	0	0	0	0	0	0	0	0	0	0	2	0	0	0	0	0	0	0	0	0	0	0	0	0	0	0	0	0	0	0	0	0	0	0	0	0	0	0	0	0	0	0	0	0	0	0	0	0	0	1	0	0	0	0	0	0	0	0	1	0	0
sk__Bacteria;k__;p__Bacteroidetes;c__Chitinophagia	0	0	0	0	0	0	0	0	0	0	0	0	0	0	0	0	0	17	2	0	0	0	0	0	0	3	2	0	0	0	0	0	0	0	0	0	0	0	0	4	0	0	0	0	0	0	3	0	0	0	0	0	0	0	0	0	0	0	0	0	0	0	0	0	2	0	0	0
sk__Bacteria;k__;p__Bacteroidetes;c__Chitinophagia;o__Chitinophagales	0	0	0	0	0	2	0	0	0	1	0	0	3	0	0	0	0	21	0	0	0	0	0	0	0	1	0	0	0	0	0	0	3	0	0	0	0	1	0	1	0	0	0	1	2	0	0	3	0	2	1	0	0	0	0	0	0	0	0	0	0	0	0	0	0	0	0	0
sk__Bacteria;k__;p__Bacteroidetes;c__Chitinophagia;o__Chitinophagales;f__Chitinophagaceae	4	1	2	0	0	5	0	0	3	22	6	1	11	0	0	11	6	183	10	0	2	0	0	0	10	0	1	2	0	7	1	0	1	0	3	0	2	0	0	12	0	0	0	2	6	0	0	7	0	1	2	0	0	9	3	10	8	0	0	0	0	1	4	4	1	1	0	0
sk__Bacteria;k__;p__Bacteroidetes;c__Chitinophagia;o__Chitinophagales;f__Chitinophagaceae;g__Flavisolibacter	1	0	0	0	0	1	0	0	0	21	0	0	6	0	0	0	0	51	0	0	0	0	0	0	0	0	0	1	0	0	0	0	0	0	0	0	0	0	0	0	0	0	0	5	0	0	0	0	0	1	0	0	0	2	0	8	4	0	0	0	0	1	0	0	0	0	0	0
sk__Bacteria;k__;p__Bacteroidetes;c__Chitinophagia;o__Chitinophagales;f__Chitinophagaceae;g__Flavisolibacter;s__Flavisolibacter_swuensis	0	0	0	0	0	0	0	0	0	1	0	0	0	0	0	0	0	1	0	0	0	0	0	0	0	0	0	0	0	0	0	0	0	0	0	0	0	0	0	0	0	0	0	0	0	0	0	0	0	0	0	0	0	0	0	0	0	0	0	0	0	0	0	0	0	0	0	0
sk__Bacteria;k__;p__Bacteroidetes;c__Chitinophagia;o__Chitinophagales;f__Chitinophagaceae;g__Flavitalea	1	0	0	0	0	0	0	0	0	0	0	0	0	0	0	0	0	1	0	0	0	0	0	0	0	0	0	0	0	0	0	0	0	0	0	0	0	0	0	0	0	0	0	0	0	0	0	0	0	0	0	0	0	0	0	0	0	0	0	0	0	0	0	0	0	0	0	0
sk__Bacteria;k__;p__Bacteroidetes;c__Chitinophagia;o__Chitinophagales;f__Chitinophagaceae;g__Segetibacter	7	0	4	0	0	3	0	0	3	42	0	0	36	0	0	16	13	209	0	0	0	0	0	1	0	0	0	0	0	0	0	0	0	0	0	0	0	5	0	2	0	0	0	0	0	0	0	6	0	3	24	0	0	16	0	17	0	0	0	0	0	4	7	0	0	0	0	0
sk__Bacteria;k__;p__Bacteroidetes;c__Chitinophagia;o__Chitinophagales;f__Chitinophagaceae;g__Segetibacter;s__Segetibacter_aerophilus	0	0	0	0	0	0	0	0	0	1	0	0	3	0	0	1	0	6	0	0	0	0	0	0	0	0	0	0	0	0	0	0	0	0	0	0	0	0	0	0	0	0	0	0	0	0	0	0	0	0	0	0	0	1	0	0	0	0	0	0	0	0	0	0	0	0	0	0
sk__Bacteria;k__;p__Bacteroidetes;c__Cytophagia;o__Cytophagales	0	0	0	0	0	0	0	0	0	1	0	0	0	0	0	1	0	5	0	0	0	0	0	0	0	1	0	0	0	0	0	0	0	0	0	0	0	0	0	0	0	0	0	0	0	0	0	1	0	0	0	0	0	1	0	0	0	0	0	0	0	0	0	0	0	0	0	0
sk__Bacteria;k__;p__Bacteroidetes;c__Cytophagia;o__Cytophagales;f__Catalimonadaceae	0	0	0	0	0	0	0	0	0	0	0	0	0	0	0	0	0	3	0	0	0	0	0	0	0	0	0	0	0	0	0	0	0	0	0	0	0	0	0	0	0	3	0	0	0	0	0	0	0	0	0	0	0	0	0	0	0	0	0	0	0	0	0	0	0	0	0	0
sk__Bacteria;k__;p__Bacteroidetes;c__Cytophagia;o__Cytophagales;f__Catalimonadaceae;g__Tunicatimonas	0	0	0	0	0	0	0	0	0	0	0	0	0	0	0	0	0	1	0	0	0	0	0	0	0	0	0	0	0	0	0	0	0	0	0	0	0	0	0	0	0	1	0	0	0	0	0	0	0	0	0	0	0	0	0	0	0	0	0	0	0	0	0	0	0	0	0	0
sk__Bacteria;k__;p__Bacteroidetes;c__Cytophagia;o__Cytophagales;f__Cyclobacteriaceae	0	0	0	0	0	0	0	0	0	0	0	0	0	0	0	4	0	9	0	0	0	0	0	0	0	0	0	1	0	0	0	0	0	0	0	0	0	0	0	0	0	1	0	0	0	0	0	0	0	0	0	0	0	0	0	0	3	0	0	0	0	0	0	0	0	0	0	0
sk__Bacteria;k__;p__Bacteroidetes;c__Cytophagia;o__Cytophagales;f__Cytophagaceae	1	0	0	0	0	0	0	0	0	1	0	0	1	0	0	4	6	67	0	0	0	0	0	0	0	0	0	0	0	0	0	0	0	4	0	0	0	0	0	0	0	0	0	0	3	0	0	0	0	0	0	0	0	0	0	0	0	0	0	0	0	0	0	47	0	0	0	0
sk__Bacteria;k__;p__Bacteroidetes;c__Cytophagia;o__Cytophagales;f__Cytophagaceae;g__;s__Flexibacteraceae_bacterium_24M	0	0	0	0	0	0	0	0	0	0	0	0	0	0	0	0	0	3	0	0	0	0	0	0	0	0	0	0	0	0	0	0	0	2	0	0	0	0	0	0	0	0	0	0	0	1	0	0	0	0	0	0	0	0	0	0	0	0	0	0	0	0	0	0	0	0	0	0
sk__Bacteria;k__;p__Bacteroidetes;c__Cytophagia;o__Cytophagales;f__Cytophagaceae;g__Marinoscillum	0	0	0	0	0	0	0	0	0	0	0	0	0	0	0	0	0	1	0	0	0	0	0	0	0	0	0	0	0	0	0	0	0	0	0	0	0	0	0	0	0	0	0	0	0	0	0	1	0	0	0	0	0	0	0	0	0	0	0	0	0	0	0	0	0	0	0	0
sk__Bacteria;k__;p__Bacteroidetes;c__Cytophagia;o__Cytophagales;f__Cytophagaceae;g__Ohtaekwangia	0	0	0	0	0	0	0	0	0	0	0	0	0	0	0	0	0	1	0	0	0	0	0	0	0	0	0	0	0	0	0	0	0	0	0	0	0	0	0	0	0	1	0	0	0	0	0	0	0	0	0	0	0	0	0	0	0	0	0	0	0	0	0	0	0	0	0	0
sk__Bacteria;k__;p__Bacteroidetes;c__Cytophagia;o__Cytophagales;f__Cytophagaceae;g__Rhodocytophaga	0	0	0	0	0	0	0	0	0	0	0	0	1	0	14	0	0	57	6	0	0	0	0	0	0	0	0	0	0	7	0	0	0	0	2	0	0	0	0	0	0	0	0	0	0	0	0	0	0	0	11	0	0	0	0	0	7	0	0	0	0	0	0	9	0	0	0	0
sk__Bacteria;k__;p__Bacteroidetes;c__Cytophagia;o__Cytophagales;f__Cytophagaceae;g__Sporocytophaga	0	0	0	0	0	0	0	0	0	8	0	0	0	0	0	0	0	8	0	0	0	0	0	0	0	0	0	0	0	0	0	0	0	0	0	0	0	0	0	0	0	0	0	0	0	0	0	0	0	0	0	0	0	0	0	0	0	0	0	0	0	0	0	0	0	0	0	0
sk__Bacteria;k__;p__Bacteroidetes;c__Cytophagia;o__Cytophagales;f__Flammeovirgaceae	0	0	0	0	0	0	0	0	0	0	0	0	0	0	0	0	0	1	0	0	0	0	0	0	0	0	0	0	0	0	0	0	0	0	0	0	0	0	0	0	0	0	0	0	0	1	0	0	0	0	0	0	0	0	0	0	0	0	0	0	0	0	0	0	0	0	0	0
sk__Bacteria;k__;p__Bacteroidetes;c__Cytophagia;o__Cytophagales;f__Flammeovirgaceae;g__Cesiribacter	0	0	0	0	0	0	0	0	0	0	0	0	0	0	0	0	0	1	0	0	0	0	0	0	0	0	0	0	0	0	0	0	0	0	0	0	0	0	0	0	0	0	0	0	0	1	0	0	0	0	0	0	0	0	0	0	0	0	0	0	0	0	0	0	0	0	0	0
sk__Bacteria;k__;p__Bacteroidetes;c__Cytophagia;o__Cytophagales;f__Hymenobacteraceae	0	0	1	0	0	0	0	0	0	0	0	0	0	0	0	3	0	12	0	0	0	0	0	0	0	0	0	0	0	0	0	0	0	0	0	0	0	1	0	0	0	1	0	0	1	0	4	0	0	0	0	0	1	0	0	0	0	0	0	0	0	0	0	0	0	0	0	0
sk__Bacteria;k__;p__Bacteroidetes;c__Cytophagia;o__Cytophagales;f__Hymenobacteraceae;g__Adhaeribacter	0	0	0	0	1	0	0	0	0	0	0	0	1	0	0	203	17	251	0	0	0	0	0	0	0	0	0	0	0	0	0	0	0	0	0	0	0	0	0	0	0	0	0	0	0	0	0	0	0	0	0	0	0	0	0	0	29	0	0	0	0	0	0	0	0	0	0	0
sk__Bacteria;k__;p__Bacteroidetes;c__Cytophagia;o__Cytophagales;f__Hymenobacteraceae;g__Hymenobacter;s__Hymenobacter_sp._29F	0	0	0	0	0	0	0	0	0	0	0	0	0	0	0	2	0	2	0	0	0	0	0	0	0	0	0	0	0	0	0	0	0	0	0	0	0	0	0	0	0	0	0	0	0	0	0	0	0	0	0	0	0	0	0	0	0	0	0	0	0	0	0	0	0	0	0	0
sk__Bacteria;k__;p__Bacteroidetes;c__Cytophagia;o__Cytophagales;f__Hymenobacteraceae;g__Nibribacter	0	0	0	0	0	0	0	0	0	0	0	0	0	0	0	1	0	1	0	0	0	0	0	0	0	0	0	0	0	0	0	0	0	0	0	0	0	0	0	0	0	0	0	0	0	0	0	0	0	0	0	0	0	0	0	0	0	0	0	0	0	0	0	0	0	0	0	0
sk__Bacteria;k__;p__Bacteroidetes;c__Cytophagia;o__Cytophagales;f__Hymenobacteraceae;g__Pontibacter	0	0	0	0	0	0	0	0	0	0	0	0	0	0	0	0	0	10	0	0	0	0	0	0	0	0	0	0	0	0	0	0	0	0	0	0	0	0	0	0	0	0	0	0	0	0	3	3	0	0	0	0	0	1	3	0	0	0	0	0	0	0	0	0	0	0	0	0
sk__Bacteria;k__;p__Bacteroidetes;c__Cytophagia;o__Cytophagales;f__Hymenobacteraceae;g__Rufibacter	0	0	0	0	0	0	0	0	0	0	0	0	0	0	0	3	0	3	0	0	0	0	0	0	0	0	0	0	0	0	0	0	0	0	0	0	0	0	0	0	0	0	0	0	0	0	0	0	0	0	0	0	0	0	0	0	0	0	0	0	0	0	0	0	0	0	0	0
sk__Bacteria;k__;p__Bacteroidetes;c__Cytophagia;o__Cytophagales;f__Microscillaceae	0	0	0	0	0	0	0	0	0	1	0	0	0	0	0	0	0	6	0	0	0	0	0	0	0	0	0	0	0	0	0	0	2	0	0	0	0	0	3	0	0	0	0	0	0	0	0	0	0	0	0	0	0	0	0	0	0	0	0	0	0	0	0	0	0	0	0	0
sk__Bacteria;k__;p__Bacteroidetes;c__Flavobacteriia;o__Flavobacteriales;f__Flavobacteriaceae;g__Chryseobacterium	0	0	0	0	0	0	0	0	0	1	0	0	0	0	0	0	0	1	0	0	0	0	0	0	0	0	0	0	0	0	0	0	0	0	0	0	0	0	0	0	0	0	0	0	0	0	0	0	0	0	0	0	0	0	0	0	0	0	0	0	0	0	0	0	0	0	0	0
sk__Bacteria;k__;p__Bacteroidetes;c__Flavobacteriia;o__Flavobacteriales;f__Flavobacteriaceae;g__Flavobacterium	0	0	0	0	0	0	0	0	0	0	0	0	0	0	0	0	0	1	0	0	0	0	0	0	0	0	0	1	0	0	0	0	0	0	0	0	0	0	0	0	0	0	0	0	0	0	0	0	0	0	0	0	0	0	0	0	0	0	0	0	0	0	0	0	0	0	0	0
sk__Bacteria;k__;p__Bacteroidetes;c__Sphingobacteriia;o__Sphingobacteriales	0	0	3	0	0	0	0	0	0	1	0	0	0	0	0	0	0	6	0	0	0	0	0	0	0	0	0	0	0	0	0	0	0	0	1	0	0	0	0	0	0	0	0	0	0	0	0	0	0	1	0	0	0	0	0	0	0	0	0	0	0	0	0	0	0	0	0	0
sk__Bacteria;k__;p__Bacteroidetes;c__Sphingobacteriia;o__Sphingobacteriales;f__Sphingobacteriaceae	0	0	0	0	0	0	0	0	0	0	0	0	3	0	0	7	1	11	0	0	0	0	0	0	0	0	0	0	0	0	0	0	0	0	0	0	0	0	0	0	0	0	0	0	0	0	0	0	0	0	0	0	0	0	0	0	0	0	0	0	0	0	0	0	0	0	0	0
sk__Bacteria;k__;p__Bacteroidetes;c__Sphingobacteriia;o__Sphingobacteriales;f__Sphingobacteriaceae;g__Arcticibacter	0	0	0	0	0	0	0	0	0	1	0	0	0	0	0	5	0	6	0	0	0	0	0	0	0	0	0	0	0	0	0	0	0	0	0	0	0	0	0	0	0	0	0	0	0	0	0	0	0	0	0	0	0	0	0	0	0	0	0	0	0	0	0	0	0	0	0	0
sk__Bacteria;k__;p__Candidatus_Azambacteria	0	0	0	0	0	0	0	0	0	0	0	0	0	0	0	0	0	1	0	0	0	0	0	0	0	0	0	0	0	0	0	0	0	0	0	0	0	0	1	0	0	0	0	0	0	0	0	0	0	0	0	0	0	0	0	0	0	0	0	0	0	0	0	0	0	0	0	0
sk__Bacteria;k__;p__Candidatus_Melainabacteria;c__;o__Vampirovibrionales	0	0	0	0	0	0	0	0	0	0	0	0	0	0	0	0	0	3	0	0	0	0	0	0	0	0	0	0	0	0	0	0	0	0	0	0	0	1	0	0	0	0	0	0	0	0	0	0	0	0	0	0	0	0	0	2	0	0	0	0	0	0	0	0	0	0	0	0
sk__Bacteria;k__;p__Candidatus_Saccharibacteria	0	0	6	7	0	2	1	0	0	20	0	0	6	0	0	1	0	224	6	0	3	1	1	5	3	0	0	2	0	51	1	1	3	0	0	0	0	2	4	2	7	0	0	2	31	1	0	1	0	4	3	0	0	8	1	7	3	0	0	2	0	1	4	2	0	2	11	0
sk__Bacteria;k__;p__Chloroflexi	32	0	70	0	9	47	1	0	134	113	0	0	59	0	2	17	35	1511	0	51	25	7	9	8	6	5	15	18	6	2	14	3	119	0	9	0	5	14	30	82	3	9	10	34	6	0	1	30	3	27	13	0	0	36	1	60	0	16	4	1	0	232	45	1	9	17	0	3
sk__Bacteria;k__;p__Chloroflexi;c__Anaerolineae	0	0	0	0	0	0	0	0	0	0	0	0	0	0	0	0	0	1	0	0	0	0	0	0	0	0	0	0	0	0	0	0	0	0	0	0	0	0	0	0	0	0	0	0	0	0	0	0	0	0	0	0	0	1	0	0	0	0	0	0	0	0	0	0	0	0	0	0
sk__Bacteria;k__;p__Chloroflexi;c__Anaerolineae;o__Anaerolineales;f__Anaerolineaceae	0	0	1	0	0	0	0	0	0	0	0	0	0	0	0	0	0	1	0	0	0	0	0	0	0	0	0	0	0	0	0	0	0	0	0	0	0	0	0	0	0	0	0	0	0	0	0	0	0	0	0	0	0	0	0	0	0	0	0	0	0	0	0	0	0	0	0	0
sk__Bacteria;k__;p__Chloroflexi;c__Ardenticatenia;o__Ardenticatenales	0	0	1	0	0	0	0	0	0	0	0	0	0	0	0	0	0	8	0	0	0	0	0	0	0	0	0	0	0	0	1	0	0	0	0	0	0	0	0	1	0	0	0	5	0	0	0	0	0	0	0	0	0	0	0	0	0	0	0	0	0	0	0	0	0	0	0	0
sk__Bacteria;k__;p__Chloroflexi;c__Chloroflexia	0	0	0	0	0	0	0	0	0	0	0	0	0	0	0	0	0	1	0	0	0	0	0	0	0	0	0	0	0	0	0	0	0	0	0	0	0	0	0	0	0	0	0	0	0	0	0	0	0	0	0	0	1	0	0	0	0	0	0	0	0	0	0	0	0	0	0	0
sk__Bacteria;k__;p__Chloroflexi;c__Chloroflexia;o__Chloroflexales	0	0	0	0	0	0	0	0	0	1	0	0	0	0	1	1	0	5	0	0	0	0	0	0	0	0	0	0	0	0	0	0	0	0	0	0	0	0	0	0	0	0	1	0	0	0	0	0	0	1	0	0	0	0	0	0	0	0	0	0	0	0	0	0	0	0	0	0
sk__Bacteria;k__;p__Chloroflexi;c__Chloroflexia;o__Herpetosiphonales;f__Herpetosiphonaceae;g__Herpetosiphon	0	0	0	0	0	0	0	0	0	1	0	0	0	0	0	0	0	1	0	0	0	0	0	0	0	0	0	0	0	0	0	0	0	0	0	0	0	0	0	0	0	0	0	0	0	0	0	0	0	0	0	0	0	0	0	0	0	0	0	0	0	0	0	0	0	0	0	0
sk__Bacteria;k__;p__Chloroflexi;c__Chloroflexia;o__Kallotenuales	67	19	1	40	63	6	28	5	23	11	1	68	56	311	47	431	141	6102	38	13	6	239	238	1	189	321	214	3	85	86	0	148	71	29	7	0	38	23	24	330	165	2	165	1	157	0	43	5	21	2	30	47	151	12	693	2	87	29	197	191	98	22	5	47	22	0	278	195
sk__Bacteria;k__;p__Chloroflexi;c__Chloroflexia;o__Kallotenuales;f__Kallotenuaceae;g__Kallotenue	0	0	0	0	0	0	0	0	0	0	0	0	0	0	0	0	0	1	0	0	0	0	0	0	0	0	0	0	0	0	0	0	0	0	0	0	0	0	0	0	0	0	0	0	0	0	0	0	0	0	0	0	0	0	1	0	0	0	0	0	0	0	0	0	0	0	0	0
sk__Bacteria;k__;p__Chloroflexi;c__Dehalococcoidia	0	0	0	0	0	0	0	0	1	0	0	0	0	0	0	0	0	11	0	0	0	0	0	0	0	0	0	1	0	0	0	0	0	0	0	0	0	0	0	0	0	1	0	2	0	0	0	1	0	0	0	0	0	4	0	0	0	0	0	0	0	0	1	0	0	0	0	0
sk__Bacteria;k__;p__Chloroflexi;c__Ktedonobacteria	0	0	1	0	0	0	0	0	3	9	0	0	0	0	0	0	1	30	0	0	0	0	0	0	0	0	0	0	0	0	0	0	0	0	0	0	0	0	0	0	0	0	0	1	0	0	0	0	0	0	0	0	0	0	0	10	0	0	0	0	0	0	4	0	0	1	0	0
sk__Bacteria;k__;p__Chloroflexi;c__Thermomicrobia	0	0	1	0	2	0	0	0	0	0	0	0	0	0	0	2	0	3	0	0	0	0	0	0	0	0	0	0	0	0	0	0	0	0	0	0	0	0	0	0	0	0	0	0	0	0	0	0	0	0	0	0	0	0	0	0	0	0	0	0	0	0	0	0	0	0	0	0
sk__Bacteria;k__;p__Chloroflexi;c__Thermomicrobia;o__Sphaerobacterales	0	0	3	0	0	0	0	0	0	0	0	0	0	0	0	0	1	6	0	0	0	0	0	0	0	0	0	0	0	0	0	0	0	0	0	0	0	0	0	0	0	0	0	1	0	0	0	0	0	0	0	0	0	0	0	0	0	0	0	0	0	0	0	0	0	1	0	0
sk__Bacteria;k__;p__Chloroflexi;c__Thermomicrobia;o__Thermomicrobiales	27	4	12	14	57	7	5	3	28	20	2	1	47	5	16	92	22	1551	36	14	13	54	27	2	65	37	51	8	16	132	3	14	40	35	2	14	14	4	9	65	5	2	18	5	23	1	81	11	1	4	45	10	1	8	73	12	21	13	13	9	28	43	10	18	9	1	41	22
sk__Bacteria;k__;p__Cyanobacteria	0	0	2	0	0	0	0	0	2	5	0	0	4	0	0	12	1	106	1	1	0	0	0	0	0	1	0	0	0	0	0	0	21	0	0	0	0	1	0	5	0	0	0	2	0	0	2	16	0	0	1	0	0	2	1	4	16	1	0	0	1	0	0	2	0	2	0	0
sk__Bacteria;k__;p__Cyanobacteria;c__;o__Chroococcales;f__Aphanothecaceae	0	0	0	0	0	0	0	0	0	0	0	0	1	0	0	0	0	1	0	0	0	0	0	0	0	0	0	0	0	0	0	0	0	0	0	0	0	0	0	0	0	0	0	0	0	0	0	0	0	0	0	0	0	0	0	0	0	0	0	0	0	0	0	0	0	0	0	0
sk__Bacteria;k__;p__Cyanobacteria;c__;o__Chroococcidiopsidales;f__Chroococcidiopsidaceae;g__Chroococcidiopsis	0	0	0	0	0	0	0	0	0	2	0	0	0	0	0	0	0	9	0	0	0	0	0	0	0	1	0	0	0	0	0	0	0	0	1	0	0	0	0	5	0	0	0	0	0	0	0	0	0	0	0	0	0	0	0	0	0	0	0	0	0	0	0	0	0	0	0	0
sk__Bacteria;k__;p__Cyanobacteria;c__;o__Nostocales	0	0	0	0	1	0	0	0	0	2	0	0	0	0	0	0	4	24	0	0	0	0	0	0	0	6	0	0	0	0	0	0	0	0	3	0	0	0	0	7	0	0	0	0	0	0	0	0	0	0	0	0	0	0	0	1	0	0	0	0	0	0	0	0	0	0	0	0
sk__Bacteria;k__;p__Deinococcus-Thermus;c__Deinococci;o__Deinococcales	0	0	0	0	0	0	0	0	0	0	0	0	5	0	0	0	0	18	0	0	0	0	0	0	0	0	0	0	0	0	0	0	0	3	0	0	0	0	0	0	0	0	0	0	0	8	0	1	0	0	0	0	0	1	0	0	0	0	0	0	0	0	0	0	0	0	0	0
sk__Bacteria;k__;p__Deinococcus-Thermus;c__Deinococci;o__Deinococcales;f__Deinococcaceae	0	0	0	0	0	0	0	0	0	0	0	0	0	0	0	9	0	9	0	0	0	0	0	0	0	0	0	0	0	0	0	0	0	0	0	0	0	0	0	0	0	0	0	0	0	0	0	0	0	0	0	0	0	0	0	0	0	0	0	0	0	0	0	0	0	0	0	0
sk__Bacteria;k__;p__Deinococcus-Thermus;c__Deinococci;o__Deinococcales;f__Deinococcaceae;g__Deinococcus	0	0	0	0	0	0	0	0	0	0	0	0	0	0	0	0	0	1	0	0	0	0	0	0	0	0	0	0	0	0	0	0	0	1	0	0	0	0	0	0	0	0	0	0	0	0	0	0	0	0	0	0	0	0	0	0	0	0	0	0	0	0	0	0	0	0	0	0
sk__Bacteria;k__;p__Deinococcus-Thermus;c__Deinococci;o__Deinococcales;f__Trueperaceae	0	0	0	0	0	0	0	0	0	0	0	0	0	0	0	0	0	22	0	0	0	0	0	0	0	0	0	0	0	0	0	0	0	4	0	0	0	1	0	0	0	7	0	0	0	3	0	2	0	0	0	0	0	2	3	0	0	0	0	0	0	0	0	0	0	0	0	0
sk__Bacteria;k__;p__Deinococcus-Thermus;c__Deinococci;o__Deinococcales;f__Trueperaceae;g__Truepera	0	0	0	0	2	0	0	1	2	1	0	0	0	0	0	0	2	538	0	0	0	0	0	0	0	0	3	4	0	0	0	0	0	103	2	0	0	0	0	0	0	0	0	0	0	3	69	0	0	0	20	0	2	1	310	0	0	2	0	0	10	0	0	0	1	0	0	0
sk__Bacteria;k__;p__Elusimicrobia;c__Elusimicrobia	0	0	3	0	0	1	0	0	0	3	0	0	0	0	0	0	0	12	0	0	0	0	0	0	0	0	0	0	0	0	0	0	0	0	0	0	0	0	0	0	0	0	0	0	0	0	0	0	0	0	0	0	0	2	0	0	0	0	0	0	0	0	3	0	0	0	0	0
sk__Bacteria;k__;p__Firmicutes	3	0	0	0	0	0	0	0	0	0	0	0	0	0	0	0	0	4	0	0	0	0	0	0	0	0	0	0	0	0	0	0	0	0	0	0	0	0	0	0	0	0	0	0	0	0	0	0	0	0	0	0	0	0	0	0	0	0	0	0	0	0	0	0	0	0	0	0
sk__Bacteria;k__;p__Firmicutes;c__Bacilli;o__Bacillales	0	0	0	0	0	0	0	0	0	0	0	0	0	0	0	0	0	9	0	0	1	0	0	0	0	0	0	0	0	0	0	0	0	0	0	0	0	0	0	0	1	0	0	0	3	0	0	2	0	0	0	0	0	0	0	0	0	0	0	0	0	0	0	0	0	0	2	0
sk__Bacteria;k__;p__Firmicutes;c__Bacilli;o__Bacillales;f__Alicyclobacillaceae;g__Tumebacillus	6	0	0	1	0	0	0	0	0	0	0	0	0	0	0	0	0	28	1	3	0	0	0	0	1	0	0	0	0	0	0	1	0	0	0	0	3	1	0	0	0	1	0	2	0	1	0	0	1	0	0	0	0	0	0	0	0	2	2	1	0	0	0	0	1	0	0	0
sk__Bacteria;k__;p__Firmicutes;c__Bacilli;o__Bacillales;f__Bacillaceae	0	0	0	0	2	0	0	0	0	0	0	0	0	0	0	0	0	4	0	0	0	0	0	0	0	0	0	2	0	0	0	0	0	0	0	0	0	0	0	0	0	0	0	0	0	0	0	0	0	0	0	0	0	0	0	0	0	0	0	0	0	0	0	0	0	0	0	0
sk__Bacteria;k__;p__Firmicutes;c__Bacilli;o__Bacillales;f__Bacillaceae;g__Aureibacillus	0	0	0	0	0	0	0	0	0	0	0	0	0	0	0	0	0	1	0	0	0	0	0	0	0	0	0	0	0	0	0	0	0	0	0	0	0	0	0	0	0	0	0	0	0	0	0	0	0	1	0	0	0	0	0	0	0	0	0	0	0	0	0	0	0	0	0	0
sk__Bacteria;k__;p__Firmicutes;c__Bacilli;o__Bacillales;f__Bacillaceae;g__Bacillus	0	0	0	0	10	0	0	0	0	0	0	0	0	0	0	0	0	27	0	0	4	0	0	0	0	0	0	0	0	0	0	0	0	0	0	0	0	0	0	0	0	2	0	0	0	0	0	6	0	0	0	0	0	4	1	0	0	0	0	0	0	0	0	0	0	0	0	0
sk__Bacteria;k__;p__Firmicutes;c__Bacilli;o__Bacillales;f__Bacillaceae;g__Bacillus;s__Bacillus_sp._DV9-31	0	0	0	0	0	0	0	0	0	0	0	0	0	0	0	0	0	1	0	0	0	0	0	0	0	0	0	0	0	0	0	0	0	0	0	0	0	0	0	0	0	1	0	0	0	0	0	0	0	0	0	0	0	0	0	0	0	0	0	0	0	0	0	0	0	0	0	0
sk__Bacteria;k__;p__Firmicutes;c__Bacilli;o__Bacillales;f__Bacillaceae;g__Geobacillus	0	0	0	0	0	0	0	0	0	0	0	0	1	0	0	0	0	1	0	0	0	0	0	0	0	0	0	0	0	0	0	0	0	0	0	0	0	0	0	0	0	0	0	0	0	0	0	0	0	0	0	0	0	0	0	0	0	0	0	0	0	0	0	0	0	0	0	0
sk__Bacteria;k__;p__Firmicutes;c__Bacilli;o__Bacillales;f__Paenibacillaceae	0	0	0	0	0	0	0	0	0	0	0	0	0	0	0	0	0	15	0	0	1	0	0	0	0	0	0	0	0	0	0	0	0	0	0	0	0	0	0	0	0	2	0	0	0	0	3	1	0	0	4	0	0	2	2	0	0	0	0	0	0	0	0	0	0	0	0	0
sk__Bacteria;k__;p__Firmicutes;c__Bacilli;o__Bacillales;f__Paenibacillaceae;g__Ammoniphilus	0	0	0	0	0	0	0	0	0	0	0	0	0	0	0	0	0	8	0	0	7	0	0	0	0	0	0	1	0	0	0	0	0	0	0	0	0	0	0	0	0	0	0	0	0	0	0	0	0	0	0	0	0	0	0	0	0	0	0	0	0	0	0	0	0	0	0	0
sk__Bacteria;k__;p__Firmicutes;c__Bacilli;o__Bacillales;f__Paenibacillaceae;g__Cohnella	0	0	0	0	0	0	0	0	0	0	0	0	0	0	0	0	0	1	0	0	1	0	0	0	0	0	0	0	0	0	0	0	0	0	0	0	0	0	0	0	0	0	0	0	0	0	0	0	0	0	0	0	0	0	0	0	0	0	0	0	0	0	0	0	0	0	0	0
sk__Bacteria;k__;p__Firmicutes;c__Bacilli;o__Bacillales;f__Paenibacillaceae;g__Paenibacillus	0	0	0	0	0	0	0	0	0	0	0	0	0	0	0	0	0	14	0	0	0	0	0	0	0	0	0	2	0	0	0	0	0	0	0	0	0	1	0	0	0	1	0	0	0	0	0	7	0	2	0	0	0	0	1	0	0	0	0	0	0	0	0	0	0	0	0	0
sk__Bacteria;k__;p__Firmicutes;c__Bacilli;o__Bacillales;f__Planococcaceae	0	0	0	0	0	0	0	0	0	0	0	0	0	0	0	1	0	1	0	0	0	0	0	0	0	0	0	0	0	0	0	0	0	0	0	0	0	0	0	0	0	0	0	0	0	0	0	0	0	0	0	0	0	0	0	0	0	0	0	0	0	0	0	0	0	0	0	0
sk__Bacteria;k__;p__Firmicutes;c__Bacilli;o__Bacillales;f__Planococcaceae;g__Planomicrobium	0	0	0	0	0	0	0	0	0	0	0	0	0	0	0	1	0	1	0	0	0	0	0	0	0	0	0	0	0	0	0	0	0	0	0	0	0	0	0	0	0	0	0	0	0	0	0	0	0	0	0	0	0	0	0	0	0	0	0	0	0	0	0	0	0	0	0	0
sk__Bacteria;k__;p__Firmicutes;c__Bacilli;o__Bacillales;f__Staphylococcaceae	0	0	0	0	0	0	0	0	0	0	0	0	0	0	0	0	0	1	0	0	0	0	0	0	0	0	0	0	0	0	0	0	0	0	0	0	0	0	0	0	0	0	0	0	0	0	0	0	1	0	0	0	0	0	0	0	0	0	0	0	0	0	0	0	0	0	0	0
sk__Bacteria;k__;p__Firmicutes;c__Bacilli;o__Bacillales;f__Staphylococcaceae;g__Staphylococcus	0	0	0	0	0	0	0	6	0	0	0	0	0	0	0	0	0	11	0	0	0	0	0	0	0	0	0	0	0	0	0	0	0	0	0	0	0	0	0	0	0	0	0	0	0	0	0	0	4	0	0	0	0	0	0	0	0	0	0	0	0	0	0	1	0	0	0	0
sk__Bacteria;k__;p__Firmicutes;c__Bacilli;o__Bacillales;f__Staphylococcaceae;g__Staphylococcus;s__Staphylococcus_hominis	0	0	0	0	0	0	0	0	0	0	0	0	0	0	0	0	0	4	0	0	0	0	0	0	0	0	0	0	0	0	0	0	0	0	0	0	0	0	0	0	4	0	0	0	0	0	0	0	0	0	0	0	0	0	0	0	0	0	0	0	0	0	0	0	0	0	0	0
sk__Bacteria;k__;p__Firmicutes;c__Bacilli;o__Lactobacillales;f__Carnobacteriaceae;g__Carnobacterium	0	0	0	0	0	0	0	0	0	0	0	0	0	0	0	0	0	2	0	0	0	0	0	0	0	0	0	0	0	0	0	0	0	0	0	0	0	0	0	2	0	0	0	0	0	0	0	0	0	0	0	0	0	0	0	0	0	0	0	0	0	0	0	0	0	0	0	0
sk__Bacteria;k__;p__Firmicutes;c__Bacilli;o__Lactobacillales;f__Lactobacillaceae;g__Lactobacillus	0	0	0	0	0	0	0	0	0	0	0	0	0	0	0	0	0	5	0	0	1	0	0	0	0	0	0	0	0	0	0	0	1	0	0	0	0	0	0	0	2	0	0	0	0	0	0	0	0	1	0	0	0	0	0	0	0	0	0	0	0	0	0	0	0	0	0	0
sk__Bacteria;k__;p__Firmicutes;c__Bacilli;o__Lactobacillales;f__Streptococcaceae;g__Streptococcus	0	0	0	0	0	0	0	0	0	0	0	0	0	0	0	0	0	7	0	0	0	0	0	0	0	0	0	0	0	0	0	0	0	0	0	0	0	0	0	0	0	0	0	0	0	0	7	0	0	0	0	0	0	0	0	0	0	0	0	0	0	0	0	0	0	0	0	0
sk__Bacteria;k__;p__Firmicutes;c__Clostridia	0	0	0	0	0	0	0	0	0	0	0	0	0	0	0	0	0	1	0	0	0	0	0	0	0	0	0	0	0	0	0	0	0	0	0	0	0	0	0	0	0	0	0	0	0	0	0	0	0	0	0	0	0	0	1	0	0	0	0	0	0	0	0	0	0	0	0	0
sk__Bacteria;k__;p__Firmicutes;c__Clostridia;o__Clostridiales	0	0	0	0	0	0	0	0	0	0	0	0	0	0	0	0	0	2	0	0	1	0	0	0	0	0	0	1	0	0	0	0	0	0	0	0	0	0	0	0	0	0	0	0	0	0	0	0	0	0	0	0	0	0	0	0	0	0	0	0	0	0	0	0	0	0	0	0
sk__Bacteria;k__;p__Firmicutes;c__Clostridia;o__Clostridiales;f__Lachnospiraceae	0	0	0	0	0	0	0	0	0	0	0	0	0	0	0	0	0	3	0	0	0	0	0	0	0	0	0	0	0	0	0	0	0	0	0	0	0	0	0	0	0	0	0	0	0	0	0	0	0	0	0	0	0	0	0	0	3	0	0	0	0	0	0	0	0	0	0	0
sk__Bacteria;k__;p__Firmicutes;c__Clostridia;o__Clostridiales;f__Lachnospiraceae;g__Blautia	0	0	0	0	0	0	0	0	0	0	0	0	0	0	0	0	1	1	0	0	0	0	0	0	0	0	0	0	0	0	0	0	0	0	0	0	0	0	0	0	0	0	0	0	0	0	0	0	0	0	0	0	0	0	0	0	0	0	0	0	0	0	0	0	0	0	0	0
sk__Bacteria;k__;p__Firmicutes;c__Erysipelotrichia;o__Erysipelotrichales;f__Erysipelotrichaceae;g__Catenibacterium	0	0	0	0	0	0	0	0	0	0	0	0	0	0	0	0	0	1	0	0	0	0	0	0	0	0	0	0	0	0	0	0	0	0	0	0	0	0	0	0	0	0	0	0	0	0	0	0	0	0	0	0	0	0	0	0	1	0	0	0	0	0	0	0	0	0	0	0
sk__Bacteria;k__;p__Firmicutes;c__Negativicutes;o__Veillonellales;f__Veillonellaceae;g__Dialister	0	0	0	0	0	0	0	0	0	0	0	0	0	0	0	0	0	2	0	0	0	0	0	0	0	0	0	0	0	0	0	0	0	0	0	0	0	0	0	0	0	0	0	0	0	0	0	0	0	0	0	0	0	0	0	0	2	0	0	0	0	0	0	0	0	0	0	0
sk__Bacteria;k__;p__Firmicutes;c__Negativicutes;o__Veillonellales;f__Veillonellaceae;g__Megasphaera	0	0	0	0	0	0	1	0	0	0	0	0	0	0	0	0	0	1	0	0	0	0	0	0	0	0	0	0	0	0	0	0	0	0	0	0	0	0	0	0	0	0	0	0	0	0	0	0	0	0	0	0	0	0	0	0	0	0	0	0	0	0	0	0	0	0	0	0
sk__Bacteria;k__;p__Firmicutes;c__Tissierellia;o__Tissierellales;f__Peptoniphilaceae;g__Anaerococcus	0	0	0	0	0	0	0	0	0	0	0	0	0	0	0	0	0	1	0	0	0	0	0	0	0	0	0	0	0	0	0	0	0	0	0	0	0	0	0	0	0	0	0	0	0	0	1	0	0	0	0	0	0	0	0	0	0	0	0	0	0	0	0	0	0	0	0	0
sk__Bacteria;k__;p__Fusobacteria;c__Fusobacteriia;o__Fusobacteriales;f__Leptotrichiaceae;g__Leptotrichia	0	0	0	0	0	0	0	0	0	0	0	0	0	0	0	0	0	2	0	0	0	0	0	0	0	0	0	0	0	0	0	0	0	0	0	0	0	0	0	0	0	0	0	0	0	0	2	0	0	0	0	0	0	0	0	0	0	0	0	0	0	0	0	0	0	0	0	0
sk__Bacteria;k__;p__Fusobacteria;c__Fusobacteriia;o__Fusobacteriales;f__Leptotrichiaceae;g__Sneathia	0	0	0	0	0	0	0	0	0	0	0	0	0	0	0	0	0	1	0	0	0	0	0	0	0	0	0	0	0	0	0	0	0	0	0	0	0	0	0	0	0	0	0	0	0	0	0	0	0	0	0	0	0	0	0	0	0	0	1	0	0	0	0	0	0	0	0	0
sk__Bacteria;k__;p__Gemmatimonadetes;c__Gemmatimonadetes	0	0	29	0	0	22	0	0	2	31	0	0	3	0	0	0	0	247	0	0	22	0	0	3	0	0	0	10	0	0	5	0	0	0	1	0	0	1	7	0	0	6	0	16	0	0	0	11	0	29	0	0	0	3	1	18	0	0	0	0	0	0	21	0	0	6	0	0
sk__Bacteria;k__;p__Gemmatimonadetes;c__Gemmatimonadetes;o__Gemmatimonadales	4	1	22	0	0	6	0	0	4	43	2	0	2	0	0	0	15	155	0	0	1	0	0	2	0	2	0	0	0	0	4	0	0	0	0	0	0	0	0	0	0	0	0	8	0	0	0	0	0	9	0	0	0	1	1	5	0	0	0	0	0	4	17	0	0	2	0	0
sk__Bacteria;k__;p__Gemmatimonadetes;c__Gemmatimonadetes;o__Gemmatimonadales;f__Gemmatimonadaceae	39	0	58	0	0	23	0	0	10	45	1	0	23	0	0	8	19	412	2	0	11	0	0	6	6	0	0	5	0	0	13	0	0	0	1	0	0	1	17	0	0	1	0	30	0	0	0	7	0	27	0	0	0	6	0	20	1	0	0	0	0	7	20	1	0	4	0	0
sk__Bacteria;k__;p__Gemmatimonadetes;c__Gemmatimonadetes;o__Gemmatimonadales;f__Gemmatimonadaceae;g__Gemmatimonas	0	0	2	0	0	1	0	0	4	8	0	0	2	0	0	0	2	61	0	0	0	0	0	0	0	0	0	0	0	0	0	0	0	0	1	0	0	1	8	0	0	0	0	2	0	0	0	8	0	0	0	0	0	3	0	4	0	0	0	0	0	11	2	0	0	1	0	0
sk__Bacteria;k__;p__Gemmatimonadetes;c__Gemmatimonadetes;o__Gemmatimonadales;f__Gemmatimonadaceae;g__Gemmatirosa	6	0	7	0	0	2	0	2	0	8	0	5	20	0	3	16	6	165	4	0	2	0	0	3	2	1	0	0	0	8	0	0	0	0	1	6	0	0	3	0	0	0	0	9	0	0	0	2	0	3	4	0	0	0	0	8	3	0	1	0	0	4	4	22	0	1	0	0
sk__Bacteria;k__;p__Gemmatimonadetes;c__Longimicrobia;o__Longimicrobiales	1	0	0	0	183	0	0	0	0	3	1	0	0	0	2	1	0	674	25	3	0	0	0	0	6	3	7	2	0	31	0	1	12	42	0	0	2	4	6	9	0	1	0	2	0	0	20	2	0	2	32	0	1	4	166	0	4	0	0	0	15	1	1	78	0	1	0	0
sk__Bacteria;k__;p__Gemmatimonadetes;c__Longimicrobia;o__Longimicrobiales;f__Longimicrobiaceae	24	2	2	0	30	2	0	15	7	3	2	1	38	0	5	44	17	1215	37	39	8	0	0	1	34	20	132	7	0	18	1	0	66	124	4	9	1	10	12	65	4	9	0	3	2	1	43	17	0	0	31	0	4	30	114	3	38	55	0	0	19	15	4	27	12	4	0	0
sk__Bacteria;k__;p__Gemmatimonadetes;c__Longimicrobia;o__Longimicrobiales;f__Longimicrobiaceae;g__Longimicrobium	0	0	0	0	0	1	0	0	0	0	0	0	28	0	0	1	1	47	0	0	0	0	0	0	0	0	0	0	0	0	0	0	0	0	0	0	0	0	0	0	0	0	0	0	0	0	0	9	0	0	0	0	0	2	0	0	0	0	0	0	0	5	0	0	0	0	0	0
sk__Bacteria;k__;p__Kiritimatiellaeota;c__Kiritimatiellae	0	0	0	0	0	0	0	0	0	2	0	0	1	0	0	0	0	5	0	0	0	0	0	0	0	0	0	0	0	0	0	0	0	0	0	0	0	0	0	0	0	0	0	0	0	0	0	0	0	0	0	0	0	0	0	0	0	0	0	0	0	1	1	0	0	0	0	0
sk__Bacteria;k__;p__Nitrospirae;c__Nitrospira	0	0	11	0	0	0	0	0	3	0	0	0	3	0	0	0	0	72	0	1	2	0	0	1	0	0	0	8	0	0	1	0	15	0	2	0	0	0	1	0	0	0	0	5	0	0	0	0	0	1	0	0	0	4	0	1	0	0	0	0	0	1	11	0	0	1	0	0
sk__Bacteria;k__;p__Nitrospirae;c__Nitrospira;o__Nitrospirales;f__Nitrospiraceae;g__Leptospirillum	0	0	0	0	0	0	0	0	0	0	0	0	0	0	0	0	0	1	0	0	0	0	0	0	0	0	0	0	0	0	0	0	0	0	0	0	0	0	0	0	0	0	0	0	0	0	0	0	0	0	0	0	0	0	0	0	0	0	0	0	0	0	1	0	0	0	0	0
sk__Bacteria;k__;p__Planctomycetes	0	0	1	0	0	1	0	0	0	1	0	0	0	0	0	0	0	5	0	0	0	0	0	0	0	0	0	1	0	0	0	0	0	0	0	0	0	0	0	0	0	0	0	0	0	0	0	0	0	1	0	0	0	0	0	0	0	0	0	0	0	0	0	0	0	0	0	0
sk__Bacteria;k__;p__Planctomycetes;c__Phycisphaerae;o__Phycisphaerales;f__Phycisphaeraceae	0	0	0	0	0	1	0	0	0	0	0	0	0	0	0	0	0	1	0	0	0	0	0	0	0	0	0	0	0	0	0	0	0	0	0	0	0	0	0	0	0	0	0	0	0	0	0	0	0	0	0	0	0	0	0	0	0	0	0	0	0	0	0	0	0	0	0	0
sk__Bacteria;k__;p__Planctomycetes;c__Phycisphaerae;o__Tepidisphaerales	48	0	6	0	0	7	0	1	3	37	2	0	11	0	0	3	4	352	7	1	8	0	0	2	2	0	5	5	0	0	4	0	16	0	2	0	0	4	11	8	0	5	0	6	0	1	0	3	0	10	28	0	0	5	0	9	16	5	0	0	0	49	11	4	0	3	0	0
sk__Bacteria;k__;p__Planctomycetes;c__Phycisphaerae;o__Tepidisphaerales;f__Tepidisphaeraceae	0	0	0	0	0	0	0	0	0	0	0	0	1	0	0	0	0	1	0	0	0	0	0	0	0	0	0	0	0	0	0	0	0	0	0	0	0	0	0	0	0	0	0	0	0	0	0	0	0	0	0	0	0	0	0	0	0	0	0	0	0	0	0	0	0	0	0	0
sk__Bacteria;k__;p__Planctomycetes;c__Planctomycetia;o__Gemmatales	0	0	1	0	0	1	0	0	0	0	0	0	1	0	0	0	0	3	0	0	0	0	0	0	0	0	0	0	0	0	0	0	0	0	0	0	0	0	0	0	0	0	0	0	0	0	0	0	0	0	0	0	0	0	0	0	0	0	0	0	0	0	0	0	0	0	0	0
sk__Bacteria;k__;p__Planctomycetes;c__Planctomycetia;o__Gemmatales;f__Gemmataceae	0	0	0	0	0	2	0	0	0	6	0	0	1	0	0	0	0	25	0	0	1	0	0	1	0	0	0	0	0	0	3	0	0	0	0	0	0	0	0	0	0	0	0	1	0	0	0	0	0	3	0	0	0	0	0	0	0	0	0	0	0	0	2	0	0	5	0	0
sk__Bacteria;k__;p__Planctomycetes;c__Planctomycetia;o__Gemmatales;f__Gemmataceae;g__Fimbriiglobus	0	0	0	0	0	0	0	0	0	1	0	0	0	0	0	0	0	3	0	0	0	0	0	0	0	0	0	0	0	0	0	0	0	0	0	0	0	0	0	0	0	0	0	0	0	0	0	1	0	0	0	0	0	0	0	1	0	0	0	0	0	0	0	0	0	0	0	0
sk__Bacteria;k__;p__Planctomycetes;c__Planctomycetia;o__Gemmatales;f__Gemmataceae;g__Gemmata	0	0	2	0	0	0	0	0	0	0	0	0	1	0	0	0	0	6	0	0	0	0	0	0	0	0	0	0	0	0	0	0	0	0	0	0	0	0	0	0	0	0	0	0	0	0	0	1	0	1	0	0	0	0	0	1	0	0	0	0	0	0	0	0	0	0	0	0
sk__Bacteria;k__;p__Planctomycetes;c__Planctomycetia;o__Isosphaerales	0	0	0	0	0	0	0	0	3	0	0	0	0	0	0	0	0	9	0	1	0	0	0	0	0	0	0	0	0	0	0	0	0	0	0	0	0	0	0	0	0	0	0	0	0	0	0	0	0	0	0	0	0	0	0	0	0	0	0	0	0	5	0	0	0	0	0	0
sk__Bacteria;k__;p__Planctomycetes;c__Planctomycetia;o__Isosphaerales;f__Isosphaeraceae	0	1	2	0	0	2	0	0	1	8	0	0	3	0	0	0	2	44	0	0	0	0	0	0	0	0	0	0	0	0	1	0	0	0	3	0	0	0	0	0	0	0	0	3	0	0	0	3	0	1	0	0	0	0	0	4	0	0	0	0	0	3	5	0	0	2	0	0
sk__Bacteria;k__;p__Planctomycetes;c__Planctomycetia;o__Isosphaerales;f__Isosphaeraceae;g__Singulisphaera	0	0	1	0	0	0	0	0	0	0	0	0	5	0	0	0	0	8	0	0	0	0	0	0	0	0	0	0	0	0	0	0	0	0	0	0	0	0	0	0	0	0	0	1	0	0	0	0	0	0	0	0	0	0	0	0	0	0	0	0	0	0	1	0	0	0	0	0
sk__Bacteria;k__;p__Planctomycetes;c__Planctomycetia;o__Isosphaerales;f__Isosphaeraceae;g__Singulisphaera;s__Singulisphaera_sp._WX23	0	0	0	0	0	0	0	0	0	0	0	0	0	0	0	0	0	1	0	0	0	0	0	0	0	0	0	0	0	0	0	0	0	0	0	0	0	0	0	0	0	1	0	0	0	0	0	0	0	0	0	0	0	0	0	0	0	0	0	0	0	0	0	0	0	0	0	0
sk__Bacteria;k__;p__Planctomycetes;c__Planctomycetia;o__Pirellulales	0	0	0	0	0	0	0	0	0	3	0	0	0	0	0	0	0	6	0	0	1	0	0	0	0	0	0	0	0	0	0	0	0	0	0	0	0	0	0	0	0	0	0	0	0	0	0	1	0	0	0	0	0	0	0	1	0	0	0	0	0	0	0	0	0	0	0	0
sk__Bacteria;k__;p__Planctomycetes;c__Planctomycetia;o__Pirellulales;f__Pirellulaceae	0	0	3	0	0	3	0	0	0	7	0	0	0	0	0	0	0	30	0	0	2	0	0	1	0	0	0	1	0	0	2	0	0	0	0	0	0	0	0	0	0	0	0	3	0	0	0	4	0	0	3	0	0	0	0	1	0	0	0	0	0	0	0	0	0	0	0	0
sk__Bacteria;k__;p__Planctomycetes;c__Planctomycetia;o__Pirellulales;f__Pirellulaceae;g__Pirellula	0	0	8	0	0	7	0	0	0	6	0	0	0	0	0	0	0	46	0	0	1	0	0	0	0	0	0	0	0	0	6	0	0	0	0	0	0	0	0	0	0	1	0	2	0	0	0	2	0	3	0	0	0	0	0	4	0	0	0	0	0	0	4	0	0	2	0	0
sk__Bacteria;k__;p__Planctomycetes;c__Planctomycetia;o__Pirellulales;f__Pirellulaceae;g__Rhodopirellula	0	0	0	0	0	0	0	0	0	1	0	0	0	0	0	0	0	2	0	0	0	0	0	0	0	0	0	0	0	0	0	0	0	0	0	0	0	0	0	0	0	0	0	0	0	0	0	1	0	0	0	0	0	0	0	0	0	0	0	0	0	0	0	0	0	0	0	0
sk__Bacteria;k__;p__Planctomycetes;c__Planctomycetia;o__Planctomycetales	0	0	1	0	0	0	0	0	0	0	0	0	0	0	0	0	0	28	0	1	0	0	0	0	0	0	0	0	0	0	2	0	0	0	0	0	0	0	4	0	0	1	0	0	0	0	0	18	0	0	0	0	0	0	0	0	0	0	0	0	0	0	0	0	0	1	0	0
sk__Bacteria;k__;p__Proteobacteria	0	0	2	0	0	0	0	0	0	0	0	0	1	0	0	0	0	19	0	0	0	0	0	0	0	1	3	0	0	1	0	0	1	0	0	0	0	1	0	3	0	0	0	0	0	1	1	0	0	0	1	0	0	0	0	0	1	0	0	0	0	0	2	0	0	0	0	0
sk__Bacteria;k__;p__Proteobacteria;c__Acidithiobacillia	0	0	0	0	0	0	0	0	0	0	0	0	0	0	0	0	0	1	0	0	1	0	0	0	0	0	0	0	0	0	0	0	0	0	0	0	0	0	0	0	0	0	0	0	0	0	0	0	0	0	0	0	0	0	0	0	0	0	0	0	0	0	0	0	0	0	0	0
sk__Bacteria;k__;p__Proteobacteria;c__Alphaproteobacteria	5	1	2	0	1	3	0	0	0	11	4	0	12	0	0	25	12	473	15	4	4	0	0	0	8	45	54	7	0	2	3	0	3	0	2	1	0	11	2	70	0	5	0	5	8	0	47	11	0	5	24	0	0	5	0	3	8	3	10	0	0	5	4	1	13	0	0	0
sk__Bacteria;k__;p__Proteobacteria;c__Alphaproteobacteria;o__;f__;g__Phreatobacter	0	0	0	0	0	0	0	0	0	0	0	0	0	0	0	0	0	1	0	0	0	0	0	0	0	0	0	0	0	0	0	0	0	0	0	0	0	0	0	0	0	0	0	0	0	0	0	0	0	0	0	0	0	0	0	0	0	0	0	0	0	0	1	0	0	0	0	0
sk__Bacteria;k__;p__Proteobacteria;c__Alphaproteobacteria;o__Caulobacterales;f__Caulobacteraceae	6	0	0	0	0	0	0	0	0	4	0	0	10	0	0	13	2	128	2	0	0	0	0	0	20	0	0	0	0	0	0	0	0	0	2	0	0	1	3	3	0	0	0	1	0	0	0	0	0	0	54	0	0	1	0	0	3	0	0	0	0	0	0	3	0	0	0	0
sk__Bacteria;k__;p__Proteobacteria;c__Alphaproteobacteria;o__Caulobacterales;f__Caulobacteraceae;g__Phenylobacterium	0	0	0	0	0	0	0	0	0	0	0	0	0	0	0	0	0	1	0	0	0	0	0	0	0	0	0	0	0	0	0	0	0	0	0	0	0	0	0	0	0	0	0	0	0	0	0	0	0	0	0	0	0	0	0	1	0	0	0	0	0	0	0	0	0	0	0	0
sk__Bacteria;k__;p__Proteobacteria;c__Alphaproteobacteria;o__Rhizobiales	3	0	10	0	0	11	0	0	27	24	0	0	50	0	0	19	2	413	15	7	9	0	0	4	7	9	8	2	0	8	0	0	18	1	4	0	0	3	13	14	0	1	0	7	0	0	4	3	0	4	25	0	0	12	0	20	25	5	3	0	0	10	20	4	2	0	0	0
sk__Bacteria;k__;p__Proteobacteria;c__Alphaproteobacteria;o__Rhizobiales;f__;g__;s__Rhizobiales_bacterium_YIM_77505	0	0	0	0	0	0	0	0	0	1	0	0	0	0	0	0	0	1	0	0	0	0	0	0	0	0	0	0	0	0	0	0	0	0	0	0	0	0	0	0	0	0	0	0	0	0	0	0	0	0	0	0	0	0	0	0	0	0	0	0	0	0	0	0	0	0	0	0
sk__Bacteria;k__;p__Proteobacteria;c__Alphaproteobacteria;o__Rhizobiales;f__;g__Bauldia	0	0	0	0	0	0	0	0	0	1	0	0	0	0	0	0	0	1	0	0	0	0	0	0	0	0	0	0	0	0	0	0	0	0	0	0	0	0	0	0	0	0	0	0	0	0	0	0	0	0	0	0	0	0	0	0	0	0	0	0	0	0	0	0	0	0	0	0
sk__Bacteria;k__;p__Proteobacteria;c__Alphaproteobacteria;o__Rhizobiales;f__Beijerinckiaceae	0	0	1	0	0	0	0	0	1	8	0	0	2	0	0	6	0	116	2	2	4	0	0	2	1	10	12	1	0	3	2	0	1	0	1	0	0	1	1	11	0	0	0	2	0	1	1	0	0	0	12	0	0	2	0	5	13	0	0	0	0	0	6	1	1	0	0	0
sk__Bacteria;k__;p__Proteobacteria;c__Alphaproteobacteria;o__Rhizobiales;f__Bradyrhizobiaceae	0	0	0	0	0	0	0	1	0	0	0	0	0	0	0	0	0	2	0	0	0	0	0	0	0	0	0	0	0	0	0	0	0	0	0	1	0	0	0	0	0	0	0	0	0	0	0	0	0	0	0	0	0	0	0	0	0	0	0	0	0	0	0	0	0	0	0	0
sk__Bacteria;k__;p__Proteobacteria;c__Alphaproteobacteria;o__Rhizobiales;f__Bradyrhizobiaceae;g__Bradyrhizobium	0	0	0	0	0	0	0	8	0	0	0	0	0	0	0	0	0	12	0	0	0	0	0	0	0	0	0	0	0	0	0	0	0	0	0	3	0	0	0	1	0	0	0	0	0	0	0	0	0	0	0	0	0	0	0	0	0	0	0	0	0	0	0	0	0	0	0	0
sk__Bacteria;k__;p__Proteobacteria;c__Alphaproteobacteria;o__Rhizobiales;f__Methylobacteriaceae	0	0	0	0	0	0	0	0	0	0	0	0	0	0	0	1	0	5	0	1	0	0	0	0	0	0	0	0	0	0	0	0	0	0	0	0	0	0	2	0	0	0	0	1	0	0	0	0	0	0	0	0	0	0	0	0	0	0	0	0	0	0	0	0	0	0	0	0
sk__Bacteria;k__;p__Proteobacteria;c__Alphaproteobacteria;o__Rhizobiales;f__Methylobacteriaceae;g__Methylobacterium	0	0	2	0	0	0	0	0	0	0	0	0	0	0	0	0	0	12	0	0	0	0	0	0	0	0	0	0	0	0	0	0	0	0	0	0	9	0	0	0	0	0	0	0	0	0	0	1	0	0	0	0	0	0	0	0	0	0	0	0	0	0	0	0	0	0	0	0
sk__Bacteria;k__;p__Proteobacteria;c__Alphaproteobacteria;o__Rhizobiales;f__Methylobacteriaceae;g__Microvirga	0	0	1	0	0	0	0	0	2	3	0	0	1	0	0	0	0	38	0	0	1	0	0	0	0	0	0	0	0	0	0	0	0	0	1	0	0	2	2	1	0	0	0	1	0	0	0	2	0	0	10	0	0	6	0	0	0	0	0	0	0	5	0	0	0	0	0	0
sk__Bacteria;k__;p__Proteobacteria;c__Alphaproteobacteria;o__Rhizobiales;f__Methylobacteriaceae;g__Psychroglaciecola	0	0	0	0	0	0	0	0	0	0	0	0	0	0	0	0	0	7	0	0	0	0	0	0	0	0	0	0	0	0	0	0	0	0	0	0	0	1	0	4	0	0	0	0	0	0	0	0	0	0	1	0	0	1	0	0	0	0	0	0	0	0	0	0	0	0	0	0
sk__Bacteria;k__;p__Proteobacteria;c__Alphaproteobacteria;o__Rhizobiales;f__Rhizobiaceae	0	0	0	0	0	0	0	0	0	0	0	0	0	0	4	0	0	6	0	0	0	0	0	0	0	0	0	0	0	2	0	0	0	0	0	0	0	0	0	0	0	0	0	0	0	0	0	0	0	0	0	0	0	0	0	0	0	0	0	0	0	0	0	0	0	0	0	0
sk__Bacteria;k__;p__Proteobacteria;c__Alphaproteobacteria;o__Rhizobiales;f__Rhodobiaceae;g__Afifella	0	0	0	0	0	0	0	0	0	0	0	0	0	0	0	0	0	1	0	0	0	0	0	0	0	0	0	0	0	0	0	0	0	0	0	0	0	0	0	0	0	0	0	0	0	0	0	1	0	0	0	0	0	0	0	0	0	0	0	0	0	0	0	0	0	0	0	0
sk__Bacteria;k__;p__Proteobacteria;c__Alphaproteobacteria;o__Rhizobiales;f__Rhodobiaceae;g__Lutibaculum;s__Lutibaculum_sp.	0	0	0	0	0	0	0	0	0	0	0	0	0	0	0	0	0	2	0	0	0	0	0	0	0	0	0	1	0	0	0	0	0	0	0	0	0	0	0	0	0	0	0	0	0	0	0	0	0	0	0	0	0	0	0	0	0	0	0	0	0	0	0	0	0	0	0	0
sk__Bacteria;k__;p__Proteobacteria;c__Alphaproteobacteria;o__Rhizobiales;f__Salinarimonadaceae	0	0	0	0	0	0	0	0	0	1	0	0	0	0	0	0	0	0	0	0	0	0	0	0	0	0	0	0	0	0	0	0	0	0	0	0	0	0	0	0	0	0	0	0	0	0	0	0	0	0	0	0	0	0	0	0	0	0	0	0	0	0	0	0	0	0	0	0
sk__Bacteria;k__;p__Proteobacteria;c__Alphaproteobacteria;o__Rhizobiales;f__Salinarimonadaceae;g__Salinarimonas	0	0	0	0	0	0	0	0	0	2	0	0	0	0	0	0	0	7	0	0	0	0	0	0	0	0	0	0	0	0	0	0	0	0	0	0	0	0	0	0	0	0	0	0	0	0	0	0	0	0	0	0	0	0	0	4	0	0	0	0	0	0	0	0	0	0	0	0
sk__Bacteria;k__;p__Proteobacteria;c__Alphaproteobacteria;o__Rhizobiales;f__Xanthobacteraceae	0	0	0	0	0	0	0	0	0	1	0	0	0	0	0	0	0	0	0	0	0	0	0	0	0	0	0	0	0	0	0	0	0	0	0	0	0	0	0	0	0	0	0	0	0	0	0	0	0	0	0	0	0	0	0	0	0	0	0	0	0	0	0	0	0	0	0	0
sk__Bacteria;k__;p__Proteobacteria;c__Alphaproteobacteria;o__Rhodobacterales;f__Rhodobacteraceae	0	0	0	0	0	0	0	1	0	0	0	0	0	0	0	0	0	1	0	0	0	0	0	0	0	0	0	0	0	0	0	0	0	0	0	0	0	0	0	0	0	0	0	0	0	0	0	0	0	0	0	0	0	0	0	0	0	0	0	0	0	0	0	0	0	0	0	0
sk__Bacteria;k__;p__Proteobacteria;c__Alphaproteobacteria;o__Rhodobacterales;f__Rhodobacteraceae;g__Paracoccus	0	0	0	0	0	0	0	4	0	0	0	0	0	0	0	0	0	4	0	0	0	0	0	0	0	0	0	0	0	0	0	0	0	0	0	0	0	0	0	0	0	0	0	0	0	0	0	0	0	0	0	0	0	0	0	0	0	0	0	0	0	0	0	0	0	0	0	0
sk__Bacteria;k__;p__Proteobacteria;c__Alphaproteobacteria;o__Rhodobacterales;f__Rhodobacteraceae;g__Rubellimicrobium	0	0	0	0	0	0	0	0	0	0	0	0	0	0	0	3	0	10	0	0	0	0	0	0	0	0	0	0	0	0	0	0	0	0	0	0	0	0	0	0	0	0	0	0	0	0	0	0	0	0	0	0	0	0	0	0	0	0	0	0	0	0	0	7	0	0	0	0
sk__Bacteria;k__;p__Proteobacteria;c__Alphaproteobacteria;o__Rhodospirillales	0	0	0	0	0	0	0	0	0	0	0	0	1	0	0	5	0	7	0	0	0	0	0	0	0	0	0	0	0	0	0	0	0	0	0	0	0	0	0	1	0	0	0	0	0	0	0	0	0	0	1	0	0	0	0	0	0	0	0	0	0	0	0	0	0	0	0	0
sk__Bacteria;k__;p__Proteobacteria;c__Alphaproteobacteria;o__Rhodospirillales;f__Acetobacteraceae	0	0	0	0	0	0	0	0	0	2	0	0	2	0	0	6	1	33	0	0	0	5	0	0	1	6	0	1	0	0	0	1	0	0	0	0	0	1	0	2	0	0	0	0	0	0	0	0	0	0	0	0	0	0	0	0	0	0	0	0	0	2	2	0	0	0	0	0
sk__Bacteria;k__;p__Proteobacteria;c__Alphaproteobacteria;o__Rhodospirillales;f__Acetobacteraceae;g__Craurococcus	9	15	0	8	0	0	0	0	4	1	0	9	1	0	0	50	25	216	0	0	0	0	0	0	2	51	4	0	0	0	0	9	0	0	0	0	0	2	0	5	0	0	0	0	4	0	0	0	0	0	0	0	0	0	0	3	0	0	0	0	0	1	0	0	0	0	0	0
sk__Bacteria;k__;p__Proteobacteria;c__Alphaproteobacteria;o__Rhodospirillales;f__Acetobacteraceae;g__Roseomonas	0	0	0	0	0	0	0	0	0	1	0	0	3	0	0	1	0	5	0	0	0	0	0	0	0	0	0	0	0	0	0	0	0	0	0	0	0	0	0	0	0	0	0	0	0	0	0	0	0	0	0	0	0	0	0	0	0	0	0	0	0	0	0	0	0	0	0	0
sk__Bacteria;k__;p__Proteobacteria;c__Alphaproteobacteria;o__Rhodospirillales;f__Geminicoccaceae	0	0	0	0	0	0	0	0	0	0	0	0	0	0	0	1	0	5	0	0	0	0	0	0	0	0	0	0	0	0	2	0	0	0	0	0	0	0	0	0	0	0	0	0	0	0	0	2	0	0	0	0	0	0	0	0	0	0	0	0	0	0	0	0	0	0	0	0
sk__Bacteria;k__;p__Proteobacteria;c__Alphaproteobacteria;o__Rhodospirillales;f__Rhodospirillaceae	0	0	0	0	0	0	0	0	0	0	0	0	0	0	0	0	0	1	0	0	0	0	0	0	0	0	0	0	0	0	0	0	0	0	0	0	0	0	0	0	0	0	0	0	0	0	0	0	0	0	0	0	0	0	0	0	0	0	0	0	0	0	0	0	0	0	0	0
sk__Bacteria;k__;p__Proteobacteria;c__Alphaproteobacteria;o__Rhodospirillales;f__Rhodospirillaceae;g__Azospirillum	0	0	0	0	0	0	0	0	0	0	0	0	1	0	0	0	0	0	0	0	0	0	0	0	0	0	0	0	0	0	0	0	0	0	0	0	0	0	0	0	0	0	0	0	0	0	0	0	0	0	0	0	0	0	0	0	0	0	0	0	0	0	0	0	0	0	0	0
sk__Bacteria;k__;p__Proteobacteria;c__Alphaproteobacteria;o__Rhodospirillales;f__Rhodospirillaceae;g__Constrictibacter	0	0	0	0	0	0	0	0	0	0	0	0	0	0	0	0	0	3	0	0	1	0	0	0	0	0	0	0	0	0	0	0	0	0	0	0	0	0	0	0	0	0	0	0	0	0	0	0	0	1	0	0	0	0	0	1	0	0	0	0	0	0	0	0	0	1	0	0
sk__Bacteria;k__;p__Proteobacteria;c__Alphaproteobacteria;o__Rhodospirillales;f__Rhodospirillaceae;g__Dongia	0	0	0	0	0	0	0	0	0	0	0	0	0	0	0	1	0	1	0	0	0	0	0	0	0	0	0	0	0	0	0	0	0	0	0	0	0	0	0	0	0	0	0	0	0	0	0	0	0	0	0	0	0	0	0	0	0	0	0	0	0	0	0	0	0	0	0	0
sk__Bacteria;k__;p__Proteobacteria;c__Alphaproteobacteria;o__Rhodospirillales;f__Rhodospirillaceae;g__Skermanella	0	0	0	0	0	0	0	0	0	0	0	0	0	0	0	0	0	1	0	0	0	0	0	0	0	0	0	0	0	0	0	0	0	0	0	0	0	0	0	0	0	0	0	0	0	0	0	0	0	0	0	0	0	1	0	0	0	0	0	0	0	0	0	0	0	0	0	0
sk__Bacteria;k__;p__Proteobacteria;c__Alphaproteobacteria;o__Rickettsiales	0	0	0	0	0	0	0	0	0	0	0	0	3	0	0	0	0	3	0	0	0	0	0	0	0	0	0	0	0	0	0	0	0	0	0	0	0	0	0	0	0	0	0	0	0	0	0	0	0	0	0	0	0	0	0	0	0	0	0	0	0	0	0	0	0	0	0	0
sk__Bacteria;k__;p__Proteobacteria;c__Alphaproteobacteria;o__Sphingomonadales	27	2	2	0	1	5	0	0	3	4	0	0	37	0	0	14	9	364	27	2	2	0	0	0	2	11	13	0	0	13	1	0	5	0	0	0	0	1	5	26	0	0	0	0	3	0	10	0	0	0	47	0	0	4	0	6	63	3	1	0	0	11	1	2	4	0	0	0
sk__Bacteria;k__;p__Proteobacteria;c__Alphaproteobacteria;o__Sphingomonadales;f__Sphingomonadaceae	21	2	1	0	0	8	0	0	6	6	0	0	84	0	0	93	8	495	3	2	3	0	0	1	2	6	6	11	0	8	4	0	27	0	0	0	0	6	5	31	0	0	0	1	1	0	5	3	0	2	16	4	0	30	0	5	40	6	10	0	8	10	9	1	2	0	0	0
sk__Bacteria;k__;p__Proteobacteria;c__Alphaproteobacteria;o__Sphingomonadales;f__Sphingomonadaceae;g__Rhizorhapis	0	0	0	0	0	0	0	0	0	0	0	0	0	0	0	0	0	1	0	0	0	0	0	0	0	0	0	0	0	0	0	0	0	0	0	0	0	0	0	0	0	0	0	0	0	0	0	0	0	0	1	0	0	0	0	0	0	0	0	0	0	0	0	0	0	0	0	0
sk__Bacteria;k__;p__Proteobacteria;c__Alphaproteobacteria;o__Sphingomonadales;f__Sphingomonadaceae;g__Sphingomonas	0	0	0	0	0	0	0	0	16	5	0	0	6	0	0	0	1	72	2	0	3	0	0	0	0	0	0	0	0	0	0	0	8	0	1	0	0	0	0	0	0	1	0	0	0	0	0	1	0	0	0	0	0	3	0	10	2	0	0	0	0	8	1	3	0	0	0	0
sk__Bacteria;k__;p__Proteobacteria;c__Alphaproteobacteria;o__Sphingomonadales;f__Sphingomonadaceae;g__Sphingopyxis	0	0	0	0	0	0	0	0	0	0	0	0	1	0	0	0	0	2	0	0	0	0	0	0	0	0	0	0	0	0	0	0	0	0	0	0	0	0	0	0	0	0	0	0	0	0	0	0	0	0	0	0	0	0	0	0	0	0	0	0	1	0	0	0	0	0	0	0
sk__Bacteria;k__;p__Proteobacteria;c__Betaproteobacteria	0	0	1	0	2	0	0	2	0	1	0	0	2	0	0	2	0	14	0	0	0	0	0	0	0	0	0	0	0	0	0	0	0	1	0	0	0	0	0	0	0	0	0	0	0	0	0	0	0	0	0	0	0	0	0	0	0	1	1	0	0	0	0	0	0	0	0	0
sk__Bacteria;k__;p__Proteobacteria;c__Betaproteobacteria;o__;f__;g__Candidatus_Profftella	0	0	0	0	0	0	0	0	0	0	0	0	0	0	0	0	0	10	0	0	0	2	0	0	0	0	0	0	0	0	0	0	0	0	0	0	0	0	0	0	6	0	0	0	0	2	0	0	0	0	0	0	0	0	0	0	0	0	0	0	0	0	0	0	0	0	0	0
sk__Bacteria;k__;p__Proteobacteria;c__Betaproteobacteria;o__Burkholderiales	0	0	0	0	0	0	0	0	0	6	0	0	2	0	0	2	0	28	0	0	1	0	0	0	0	0	0	0	0	0	0	0	0	0	0	0	0	2	0	0	0	0	0	0	0	0	0	3	0	0	0	0	0	1	4	5	0	1	0	0	0	0	0	0	0	0	0	0
sk__Bacteria;k__;p__Proteobacteria;c__Betaproteobacteria;o__Burkholderiales;f__;g__Rhizobacter	0	0	0	0	0	0	0	0	0	1	0	0	0	0	0	0	0	10	0	0	0	0	0	0	0	0	0	0	0	0	0	0	0	0	0	0	0	0	0	0	9	0	0	0	0	0	0	0	0	0	0	0	0	0	0	0	0	0	0	0	0	0	0	0	0	0	0	0
sk__Bacteria;k__;p__Proteobacteria;c__Betaproteobacteria;o__Burkholderiales;f__Alcaligenaceae	0	0	0	0	0	0	0	0	0	0	0	0	0	0	0	0	0	2	0	0	0	0	0	0	0	0	0	0	0	0	0	0	0	0	0	0	0	0	0	0	0	0	0	1	0	0	0	0	0	0	0	0	0	0	0	1	0	0	0	0	0	0	0	0	0	0	0	0
sk__Bacteria;k__;p__Proteobacteria;c__Betaproteobacteria;o__Burkholderiales;f__Alcaligenaceae;g__Derxia	0	0	0	0	0	0	0	0	0	1	0	0	0	0	0	0	0	1	0	0	0	0	0	0	0	0	0	0	0	0	0	0	0	0	0	0	0	0	0	0	0	0	0	0	0	0	0	0	0	0	0	0	0	0	0	0	0	0	0	0	0	0	0	0	0	0	0	0
sk__Bacteria;k__;p__Proteobacteria;c__Betaproteobacteria;o__Burkholderiales;f__Burkholderiaceae	2	0	0	0	0	1	0	2	0	0	0	0	0	0	0	0	0	19	0	0	0	0	0	0	0	0	0	0	0	0	0	0	0	0	0	0	5	0	0	0	1	0	0	0	0	0	3	0	0	1	0	0	0	0	1	0	0	0	1	0	1	0	0	0	0	0	0	0
sk__Bacteria;k__;p__Proteobacteria;c__Betaproteobacteria;o__Burkholderiales;f__Burkholderiaceae;g__Lautropia	0	0	1	0	0	3	0	0	0	5	0	0	0	0	0	0	0	17	0	0	0	0	0	1	0	0	0	0	0	0	0	0	0	0	0	0	0	0	0	0	1	0	0	0	0	0	0	0	0	0	0	0	0	0	0	3	0	0	0	0	0	0	2	0	1	0	0	0
sk__Bacteria;k__;p__Proteobacteria;c__Betaproteobacteria;o__Burkholderiales;f__Burkholderiaceae;g__Limnobacter	0	0	0	0	0	0	0	0	1	2	0	0	0	0	0	4	0	16	0	0	0	0	0	0	0	1	0	0	0	0	0	0	0	0	0	0	0	0	0	2	0	0	0	0	0	0	0	0	0	2	0	0	0	0	0	3	0	0	1	0	0	0	0	0	0	0	0	0
sk__Bacteria;k__;p__Proteobacteria;c__Betaproteobacteria;o__Burkholderiales;f__Comamonadaceae	0	0	0	0	0	1	0	0	0	5	0	1	3	0	3	2	0	19	0	0	0	0	0	0	0	0	0	0	0	0	1	0	0	0	0	0	0	0	0	0	0	0	0	1	0	0	0	0	0	0	0	0	0	0	0	0	2	0	0	0	0	0	0	0	0	0	0	0
sk__Bacteria;k__;p__Proteobacteria;c__Betaproteobacteria;o__Burkholderiales;f__Comamonadaceae;g__Caenimonas	0	0	0	0	0	0	0	0	0	0	0	0	1	0	0	0	0	1	0	0	0	0	0	0	0	0	0	0	0	0	0	0	0	0	0	0	0	0	0	0	0	0	0	0	0	0	0	0	0	0	0	0	0	0	0	0	0	0	0	0	0	0	0	0	0	0	0	0
sk__Bacteria;k__;p__Proteobacteria;c__Betaproteobacteria;o__Burkholderiales;f__Comamonadaceae;g__Pelomonas	0	0	0	0	0	0	0	0	0	0	0	0	0	0	0	0	0	2	0	0	0	0	0	0	0	0	0	0	0	0	0	0	0	0	0	0	0	0	0	0	0	0	0	0	0	0	0	0	0	0	0	0	0	0	0	0	0	0	0	0	0	0	0	0	0	0	2	0
sk__Bacteria;k__;p__Proteobacteria;c__Betaproteobacteria;o__Burkholderiales;f__Comamonadaceae;g__Ramlibacter	0	0	0	0	0	1	0	0	0	2	0	0	5	0	0	0	0	21	0	1	1	0	0	0	0	0	6	0	0	1	0	0	0	0	0	0	0	0	0	0	0	0	0	0	0	0	0	0	0	0	0	0	0	1	0	0	3	0	0	0	0	0	0	0	0	0	0	0
sk__Bacteria;k__;p__Proteobacteria;c__Betaproteobacteria;o__Burkholderiales;f__Oxalobacteraceae	0	0	0	0	0	0	0	0	0	0	0	0	1	0	0	0	0	22	0	0	0	0	0	0	0	0	0	0	0	0	1	0	0	6	0	0	0	0	0	0	0	0	0	0	4	0	6	2	0	0	0	0	0	0	2	0	0	0	0	0	0	0	0	0	0	0	0	0
sk__Bacteria;k__;p__Proteobacteria;c__Betaproteobacteria;o__Burkholderiales;f__Oxalobacteraceae;g__Noviherbaspirillum	0	0	0	0	0	0	0	0	0	0	0	0	0	0	0	0	0	1	0	0	0	0	0	0	0	0	0	0	0	0	0	0	0	0	0	0	0	0	0	0	0	0	0	0	0	0	1	0	0	0	0	0	0	0	0	0	0	0	0	0	0	0	0	0	0	0	0	0
sk__Bacteria;k__;p__Proteobacteria;c__Betaproteobacteria;o__Neisseriales;f__Neisseriaceae;g__Neisseria	0	0	0	0	0	0	0	0	0	0	0	0	0	0	0	0	0	9	0	0	0	0	0	0	0	0	0	0	0	0	0	0	0	1	0	0	0	0	0	0	8	0	0	0	0	0	0	0	0	0	0	0	0	0	0	0	0	0	0	0	0	0	0	0	0	0	0	0
sk__Bacteria;k__;p__Proteobacteria;c__Betaproteobacteria;o__Nitrosomonadales	0	0	0	0	0	0	0	0	0	0	0	0	0	0	0	0	0	1	0	0	0	0	0	0	0	0	0	0	0	0	0	0	0	0	0	0	0	0	0	0	0	0	0	0	0	0	0	0	0	1	0	0	0	0	0	0	0	0	0	0	0	0	0	0	0	0	0	0
sk__Bacteria;k__;p__Proteobacteria;c__Betaproteobacteria;o__Nitrosomonadales;f__Gallionellaceae	0	0	0	0	0	0	0	0	0	2	0	0	0	0	0	0	0	8	0	0	0	0	0	0	0	0	0	0	0	0	0	0	0	0	0	0	0	0	0	0	0	0	0	0	0	0	0	0	0	1	0	0	0	0	0	0	0	0	0	0	0	0	5	0	0	0	0	0
sk__Bacteria;k__;p__Proteobacteria;c__Betaproteobacteria;o__Nitrosomonadales;f__Gallionellaceae;g__Sulfurirhabdus	0	0	0	0	0	0	0	0	0	0	0	0	0	0	0	0	0	2	0	0	0	0	0	0	0	0	0	0	0	0	0	0	0	0	0	0	0	0	0	0	0	0	0	0	0	0	0	0	0	0	0	0	0	0	0	0	0	0	0	0	0	0	2	0	0	0	0	0
sk__Bacteria;k__;p__Proteobacteria;c__Betaproteobacteria;o__Nitrosomonadales;f__Nitrosomonadaceae	0	0	7	0	0	0	0	0	0	0	0	0	0	0	0	0	0	39	0	0	1	0	0	0	0	0	0	3	0	0	0	0	0	0	0	0	0	3	0	0	0	0	0	3	0	0	0	0	0	10	0	0	0	0	0	3	0	0	0	0	0	0	9	0	0	0	0	0
sk__Bacteria;k__;p__Proteobacteria;c__Betaproteobacteria;o__Nitrosomonadales;f__Sterolibacteriaceae;g__Sterolibacterium	0	0	0	0	0	0	0	0	0	0	0	0	0	0	0	0	0	1	0	0	0	0	0	0	0	0	0	0	0	0	0	0	0	0	0	0	0	0	0	0	0	0	0	1	0	0	0	0	0	0	0	0	0	0	0	0	0	0	0	0	0	0	0	0	0	0	0	0
sk__Bacteria;k__;p__Proteobacteria;c__Deltaproteobacteria	0	0	1	0	0	3	0	0	0	3	0	0	0	0	0	0	0	12	0	0	0	0	0	0	0	0	0	0	0	0	0	0	0	0	0	0	0	0	0	0	0	0	0	0	0	0	0	1	0	0	0	0	0	1	0	2	0	0	0	0	0	0	0	0	0	1	0	0
sk__Bacteria;k__;p__Proteobacteria;c__Deltaproteobacteria;o__Myxococcales	0	0	2	0	0	10	0	0	2	8	0	0	13	0	0	0	6	89	4	0	3	0	0	0	0	0	0	2	0	0	1	0	0	0	2	1	0	1	1	0	0	2	0	2	0	0	0	3	0	4	4	0	0	4	0	0	9	0	0	0	0	5	0	0	0	0	0	0
sk__Bacteria;k__;p__Proteobacteria;c__Deltaproteobacteria;o__Myxococcales;f__Anaeromyxobacteraceae;g__Anaeromyxobacter	0	0	0	0	0	1	0	0	0	1	0	0	0	0	0	0	0	2	0	0	0	0	0	0	0	0	0	0	0	0	0	0	0	0	0	0	0	0	0	0	0	0	0	0	0	0	0	0	0	0	0	0	0	0	0	0	0	0	0	0	0	0	0	0	0	0	0	0
sk__Bacteria;k__;p__Proteobacteria;c__Deltaproteobacteria;o__Myxococcales;f__Archangiaceae	0	0	0	0	0	3	0	0	0	0	0	0	38	0	0	0	0	41	0	0	0	0	0	0	0	0	0	0	0	0	0	0	0	0	0	0	0	0	0	0	0	0	0	0	0	0	0	0	0	0	0	0	0	0	0	1	0	0	0	0	0	0	0	0	0	0	0	0
sk__Bacteria;k__;p__Proteobacteria;c__Deltaproteobacteria;o__Myxococcales;f__Archangiaceae;g__Archangium	0	0	0	0	0	0	0	0	0	0	0	0	0	0	0	0	0	1	0	0	0	0	0	0	0	0	0	0	0	0	0	0	0	0	0	0	0	0	0	0	0	0	0	0	0	0	0	0	0	0	0	0	0	0	0	0	0	0	0	0	0	0	0	0	0	0	0	0
sk__Bacteria;k__;p__Proteobacteria;c__Deltaproteobacteria;o__Myxococcales;f__Kofleriaceae	0	0	0	0	0	1	0	0	0	0	1	0	0	0	0	0	0	6	0	0	0	0	0	0	0	0	0	0	0	0	0	0	0	0	0	0	0	0	0	0	0	0	0	0	0	0	0	0	0	1	2	0	0	0	0	0	0	0	0	0	0	0	1	0	0	0	0	0
sk__Bacteria;k__;p__Proteobacteria;c__Deltaproteobacteria;o__Myxococcales;f__Kofleriaceae;g__Haliangium	0	0	0	0	0	0	0	0	2	4	6	0	0	0	0	0	1	32	0	0	0	0	0	1	0	0	0	1	0	0	0	0	0	0	1	0	0	1	1	0	0	0	0	7	0	0	0	0	0	1	1	0	0	2	0	2	0	0	0	0	0	1	0	0	0	0	0	0
sk__Bacteria;k__;p__Proteobacteria;c__Deltaproteobacteria;o__Myxococcales;f__Nannocystaceae	0	0	0	0	0	1	0	0	0	0	0	0	0	0	0	0	0	1	0	0	0	0	0	0	0	0	0	0	0	0	0	0	0	0	0	0	0	0	0	0	0	0	0	0	0	0	0	0	0	0	0	0	0	0	0	0	0	0	0	0	0	0	0	0	0	0	0	0
sk__Bacteria;k__;p__Proteobacteria;c__Deltaproteobacteria;o__Myxococcales;f__Nannocystaceae;g__Nannocystis	0	0	1	0	0	0	0	0	0	1	0	0	0	0	0	0	0	2	0	0	0	0	0	0	0	0	0	0	0	0	0	0	0	0	0	0	0	0	0	0	0	0	0	0	0	0	0	0	0	0	0	0	0	0	0	0	0	0	0	0	0	0	0	0	0	0	0	0
sk__Bacteria;k__;p__Proteobacteria;c__Deltaproteobacteria;o__Myxococcales;f__Phaselicystidaceae	0	0	1	0	0	0	0	0	0	0	0	0	0	0	0	0	0	2	0	0	0	0	0	0	0	0	0	0	0	0	0	0	1	0	0	0	0	0	0	0	0	0	0	0	0	0	0	0	0	0	0	0	0	0	0	0	0	0	0	0	0	0	0	0	0	0	0	0
sk__Bacteria;k__;p__Proteobacteria;c__Deltaproteobacteria;o__Myxococcales;f__Phaselicystidaceae;g__Phaselicystis	0	0	1	0	0	0	0	0	0	0	0	0	0	0	0	0	0	1	0	0	0	0	0	0	0	0	0	0	0	0	0	0	0	0	0	0	0	0	0	0	0	0	0	0	0	0	0	0	0	0	0	0	0	0	0	0	0	0	0	0	0	0	0	0	0	0	0	0
sk__Bacteria;k__;p__Proteobacteria;c__Deltaproteobacteria;o__Myxococcales;f__Polyangiaceae	0	0	1	0	0	0	0	0	0	0	0	0	0	0	0	0	0	4	0	0	0	0	0	0	0	0	0	0	0	0	0	0	0	0	0	0	0	0	0	0	0	0	0	0	0	0	0	0	0	1	0	0	0	0	0	1	0	0	0	0	0	1	0	0	0	0	0	0
sk__Bacteria;k__;p__Proteobacteria;c__Deltaproteobacteria;o__Myxococcales;f__Polyangiaceae;g__Aetherobacter	0	0	0	0	0	0	0	0	0	0	0	0	0	0	0	0	0	1	0	0	0	0	0	0	0	0	0	0	0	0	0	0	0	0	0	0	0	0	1	0	0	0	0	0	0	0	0	0	0	0	0	0	0	0	0	0	0	0	0	0	0	0	0	0	0	0	0	0
sk__Bacteria;k__;p__Proteobacteria;c__Deltaproteobacteria;o__Myxococcales;f__Polyangiaceae;g__Pajaroellobacter	1	0	0	0	0	3	0	0	2	2	0	0	2	0	0	0	0	15	0	0	0	0	0	0	0	0	0	0	0	0	0	0	0	0	0	0	0	1	0	0	0	0	0	1	0	0	0	0	0	0	0	0	0	0	0	1	0	0	0	0	0	2	0	0	0	0	0	0
sk__Bacteria;k__;p__Proteobacteria;c__Deltaproteobacteria;o__Myxococcales;f__Sandaracinaceae	0	0	1	0	1	0	0	0	0	2	0	0	0	0	0	33	0	43	0	0	0	0	0	0	0	0	0	0	0	0	0	0	0	0	0	0	0	0	0	0	0	6	0	0	0	0	0	0	0	0	0	0	0	0	0	0	0	0	0	0	0	0	0	0	0	0	0	0
sk__Bacteria;k__;p__Proteobacteria;c__Epsilonproteobacteria;o__Campylobacterales	0	0	0	0	0	0	0	0	0	0	0	0	0	0	0	0	0	112	0	0	1	0	0	0	10	5	15	0	0	0	0	0	13	0	0	0	1	0	0	12	0	0	0	0	0	0	12	0	0	0	0	0	0	1	36	0	0	3	0	0	0	3	0	0	0	0	0	0
sk__Bacteria;k__;p__Proteobacteria;c__Epsilonproteobacteria;o__Nautiliales	0	0	0	0	0	0	0	0	0	0	0	0	0	0	0	1	0	1	0	0	0	0	0	0	0	0	0	0	0	0	0	0	0	0	0	0	0	0	0	0	0	0	0	0	0	0	0	0	0	0	0	0	0	0	0	0	0	0	0	0	0	0	0	0	0	0	0	0
sk__Bacteria;k__;p__Proteobacteria;c__Gammaproteobacteria	189	0	51	0	2	48	1	1	1	22	3	0	2	0	9	0	0	521	0	0	0	0	0	2	1	0	0	1	0	1	13	0	0	7	1	1	3	1	0	0	3	2	0	29	1	5	3	2	0	42	0	1	0	3	0	8	1	0	17	0	2	1	33	0	0	3	0	0
sk__Bacteria;k__;p__Proteobacteria;c__Gammaproteobacteria;o__;f__;g__Methylonatrum	0	0	0	0	0	0	0	0	0	0	0	0	0	0	0	0	0	2	0	0	0	0	0	0	0	0	0	0	0	0	0	0	0	0	0	0	0	0	0	0	0	0	0	0	0	0	0	2	0	0	0	0	0	0	0	0	0	0	0	0	0	0	0	0	0	0	0	0
sk__Bacteria;k__;p__Proteobacteria;c__Gammaproteobacteria;o__Acidiferrobacterales;f__Acidiferrobacteraceae;g__Sulfurifustis	0	0	0	0	0	0	0	0	0	0	0	0	0	0	0	0	0	1	0	0	0	0	0	0	0	0	0	0	0	0	0	0	0	0	0	0	0	0	0	0	0	0	0	0	0	0	0	0	0	1	0	0	0	0	0	0	0	0	0	0	0	0	0	0	0	0	0	0
sk__Bacteria;k__;p__Proteobacteria;c__Gammaproteobacteria;o__Alteromonadales;f__Shewanellaceae;g__Shewanella	92	0	0	0	1	0	0	2	4	0	3	0	0	1	3	0	0	141	0	0	2	0	0	0	0	0	0	0	0	2	0	0	0	4	0	2	1	0	0	0	1	0	0	0	0	0	5	1	0	0	0	1	0	1	1	0	0	0	16	0	0	0	0	0	0	1	0	0
sk__Bacteria;k__;p__Proteobacteria;c__Gammaproteobacteria;o__Chromatiales	0	0	2	0	0	0	0	0	0	0	0	0	0	0	0	0	0	2	0	0	0	0	0	0	0	0	0	0	0	0	0	0	0	0	0	0	0	0	0	0	0	0	0	0	0	0	0	0	0	0	0	0	0	0	0	0	0	0	0	0	0	0	0	0	0	0	0	0
sk__Bacteria;k__;p__Proteobacteria;c__Gammaproteobacteria;o__Chromatiales;f__Woeseiaceae	0	0	0	0	0	0	0	0	0	0	0	0	0	0	0	0	0	2	0	0	0	0	0	0	0	0	0	0	0	0	0	0	0	0	0	0	0	0	0	0	0	0	0	0	0	0	0	2	0	0	0	0	0	0	0	0	0	0	0	0	0	0	0	0	0	0	0	0
sk__Bacteria;k__;p__Proteobacteria;c__Gammaproteobacteria;o__Chromatiales;f__Woeseiaceae;g__Woeseia	0	0	0	0	0	0	0	0	0	0	0	0	0	0	0	0	0	2	0	0	0	0	0	0	0	0	0	0	0	0	0	0	0	0	0	0	0	0	0	0	0	0	0	0	0	0	0	2	0	0	0	0	0	0	0	0	0	0	0	0	0	0	0	0	0	0	0	0
sk__Bacteria;k__;p__Proteobacteria;c__Gammaproteobacteria;o__Enterobacterales	0	0	0	0	0	0	0	0	0	0	0	0	0	0	0	0	0	1	0	0	0	0	0	0	0	0	0	0	0	0	0	0	0	0	0	0	0	0	0	0	0	0	0	0	0	1	0	0	0	0	0	0	0	0	0	0	0	0	0	0	0	0	0	0	0	0	0	0
sk__Bacteria;k__;p__Proteobacteria;c__Gammaproteobacteria;o__Enterobacterales;f__Erwiniaceae	0	0	0	0	0	0	0	0	0	0	0	0	0	0	0	0	0	1	0	0	0	0	0	0	0	0	0	0	0	0	0	0	0	0	0	0	0	0	0	0	0	0	0	0	0	1	0	0	0	0	0	0	0	0	0	0	0	0	0	0	0	0	0	0	0	0	0	0
sk__Bacteria;k__;p__Proteobacteria;c__Gammaproteobacteria;o__Legionellales	0	0	0	0	0	0	0	0	0	0	0	0	1	0	0	0	0	1	0	0	0	0	0	0	0	0	0	0	0	0	0	0	0	0	0	0	0	0	0	0	0	0	0	0	0	0	0	0	0	0	0	0	0	0	0	0	0	0	0	0	0	0	0	0	0	0	0	0
sk__Bacteria;k__;p__Proteobacteria;c__Gammaproteobacteria;o__Legionellales;f__Coxiellaceae;g__Coxiella	0	0	0	0	0	0	0	0	0	0	0	0	1	0	0	0	0	2	0	0	0	0	0	0	0	0	0	0	0	0	0	0	0	0	0	0	0	0	0	0	0	0	0	0	0	0	0	0	0	0	0	0	0	0	0	0	0	0	0	0	0	0	1	0	0	0	0	0
sk__Bacteria;k__;p__Proteobacteria;c__Gammaproteobacteria;o__Methylococcales	0	0	0	0	0	0	0	0	0	0	0	0	0	0	0	0	0	2	0	0	0	0	0	0	0	0	0	0	0	0	0	0	0	2	0	0	0	0	0	0	0	0	0	0	0	0	0	0	0	0	0	0	0	0	0	0	0	0	0	0	0	0	0	0	0	0	0	0
sk__Bacteria;k__;p__Proteobacteria;c__Gammaproteobacteria;o__Methylococcales;f__Methylococcaceae	0	0	2	0	0	1	0	0	3	1	0	0	3	0	0	0	0	24	0	0	6	0	0	0	0	0	0	0	0	0	0	0	0	1	0	0	0	0	0	0	0	0	0	0	0	1	0	0	0	1	0	0	0	1	0	0	0	0	0	0	0	3	1	0	0	0	0	0
sk__Bacteria;k__;p__Proteobacteria;c__Gammaproteobacteria;o__Nevskiales;f__Sinobacteraceae	0	0	0	0	0	0	0	0	0	0	0	0	0	0	0	0	0	1	0	0	0	0	0	0	0	0	0	0	0	0	0	0	0	0	0	0	0	0	0	0	1	0	0	0	0	0	0	0	0	0	0	0	0	0	0	0	0	0	0	0	0	0	0	0	0	0	0	0
sk__Bacteria;k__;p__Proteobacteria;c__Gammaproteobacteria;o__Nevskiales;f__Sinobacteraceae;g__Polycyclovorans	0	0	0	0	0	0	0	0	0	0	0	0	0	0	0	0	0	1	0	0	0	0	0	1	0	0	0	0	0	0	0	0	0	0	0	0	0	0	0	0	0	0	0	0	0	0	0	0	0	0	0	0	0	0	0	0	0	0	0	0	0	0	0	0	0	0	0	0
sk__Bacteria;k__;p__Proteobacteria;c__Gammaproteobacteria;o__Nevskiales;f__Steroidobacteraceae	0	0	0	0	0	0	0	0	0	0	0	0	0	0	0	0	0	2	0	0	0	0	0	0	0	0	0	2	0	0	0	0	0	0	0	0	0	0	0	0	0	0	0	0	0	0	0	0	0	0	0	0	0	0	0	0	0	0	0	0	0	0	0	0	0	0	0	0
sk__Bacteria;k__;p__Proteobacteria;c__Gammaproteobacteria;o__Nevskiales;f__Steroidobacteraceae;g__Steroidobacter	0	0	0	0	0	0	0	0	0	0	0	0	0	0	0	0	0	1	0	0	0	0	0	0	0	0	0	0	0	0	0	0	0	0	0	0	0	0	0	0	0	1	0	0	0	0	0	0	0	0	0	0	0	0	0	0	0	0	0	0	0	0	0	0	0	0	0	0
sk__Bacteria;k__;p__Proteobacteria;c__Gammaproteobacteria;o__Oceanospirillales	0	0	0	0	0	0	0	0	0	0	0	0	0	0	0	0	0	1	0	0	0	0	0	0	0	0	0	0	0	0	0	0	1	0	0	0	0	0	0	0	0	0	0	0	0	0	0	0	0	0	0	0	0	0	0	0	0	0	0	0	0	0	0	0	0	0	0	0
sk__Bacteria;k__;p__Proteobacteria;c__Gammaproteobacteria;o__Oceanospirillales;f__Halomonadaceae	0	0	0	0	0	0	0	0	0	0	0	0	0	0	0	0	1	1	0	0	0	0	0	0	0	0	0	0	0	0	0	0	0	0	0	0	0	0	0	0	0	0	0	0	0	0	0	0	0	0	0	0	0	0	0	0	0	0	0	0	0	0	0	0	0	0	0	0
sk__Bacteria;k__;p__Proteobacteria;c__Gammaproteobacteria;o__Oceanospirillales;f__Halomonadaceae;g__Halomonas	853	0	3	1	8	5	1	20	9	0	21	1	3	23	54	1	3	1327	1	1	2	6	3	0	3	4	3	2	2	10	0	0	10	13	0	10	26	0	2	1	23	1	3	1	11	2	7	4	1	1	3	0	0	4	3	1	10	1	104	1	8	10	1	6	2	0	7	6
sk__Bacteria;k__;p__Proteobacteria;c__Gammaproteobacteria;o__Oceanospirillales;f__Oceanospirillaceae;g__Marinomonas	1	0	0	0	0	0	0	0	0	0	0	0	0	0	0	0	0	1	0	0	0	0	0	0	0	0	0	0	0	0	0	0	0	0	0	0	0	0	0	0	0	0	0	0	0	0	0	0	0	0	0	0	0	0	0	0	0	0	0	0	0	0	0	0	0	0	0	0
sk__Bacteria;k__;p__Proteobacteria;c__Gammaproteobacteria;o__Pseudomonadales;f__Moraxellaceae	0	0	0	0	0	0	0	0	0	0	0	0	0	0	0	0	0	6	0	0	0	0	1	0	0	1	0	0	0	0	0	0	0	1	0	0	0	0	0	0	0	0	1	0	0	0	0	0	0	0	0	0	0	0	0	0	0	0	0	0	0	0	0	0	0	0	0	0
sk__Bacteria;k__;p__Proteobacteria;c__Gammaproteobacteria;o__Pseudomonadales;f__Moraxellaceae;g__Acinetobacter	0	0	0	0	1	0	0	0	0	0	0	0	0	0	0	0	0	2	0	0	0	0	0	0	0	0	0	0	0	0	0	0	0	0	0	0	0	0	0	0	0	0	0	0	0	0	0	1	0	0	0	0	0	0	0	0	0	0	0	0	0	0	0	0	0	0	0	0
sk__Bacteria;k__;p__Proteobacteria;c__Gammaproteobacteria;o__Pseudomonadales;f__Pseudomonadaceae	0	0	0	0	0	0	0	0	0	0	0	0	0	0	0	0	0	6	0	0	0	0	0	0	0	0	0	0	0	0	0	0	0	0	0	0	4	0	0	0	0	0	0	0	0	0	0	0	0	0	0	0	0	0	0	0	1	0	0	0	2	0	0	0	0	0	0	0
sk__Bacteria;k__;p__Proteobacteria;c__Gammaproteobacteria;o__Xanthomonadales	0	0	1	0	0	0	0	0	0	0	0	0	0	0	0	0	0	1	0	0	0	0	0	0	0	0	0	0	0	0	0	0	0	0	0	0	0	0	0	0	0	0	0	0	0	0	0	0	0	0	0	0	0	0	0	0	0	0	0	0	0	0	0	0	0	0	0	0
sk__Bacteria;k__;p__Proteobacteria;c__Gammaproteobacteria;o__Xanthomonadales;f__Xanthomonadaceae	0	0	1	0	0	0	0	0	0	0	0	0	1	0	1	0	0	3	0	0	0	0	0	0	0	0	0	0	0	0	0	0	0	0	0	0	0	0	0	0	0	0	0	0	0	0	0	0	0	0	0	0	0	0	0	0	0	0	0	0	0	0	0	0	0	0	0	0
sk__Bacteria;k__;p__Proteobacteria;c__Gammaproteobacteria;o__Xanthomonadales;f__Xanthomonadaceae;g__Lysobacter	0	0	0	0	0	0	0	0	0	0	0	0	5	0	0	0	0	11	0	0	1	0	0	0	0	0	0	0	0	0	0	0	0	0	0	0	0	0	0	0	0	0	0	0	0	0	0	5	0	0	0	0	0	0	0	0	0	0	0	0	0	0	0	0	0	0	0	0
sk__Bacteria;k__;p__Proteobacteria;c__Gammaproteobacteria;o__Xanthomonadales;f__Xanthomonadaceae;g__Stenotrophomonas	0	0	0	0	0	0	0	0	0	0	0	0	0	3	0	0	0	4	0	0	0	0	0	0	0	0	0	0	0	0	0	0	0	0	0	0	1	0	0	0	0	0	0	0	0	0	0	0	0	0	0	0	0	0	0	0	0	0	0	0	0	0	0	0	0	0	0	0
sk__Bacteria;k__;p__Proteobacteria;c__Oligoflexia;o__Bacteriovoracales;f__Bacteriovoracaceae	0	0	0	0	0	0	0	0	0	0	0	0	0	0	0	0	0	2	0	0	0	0	0	0	2	0	0	0	0	0	0	0	0	0	0	0	0	0	0	0	0	0	0	0	0	0	0	0	0	0	0	0	0	0	0	0	0	0	0	0	0	0	0	0	0	0	0	0
sk__Bacteria;k__;p__Proteobacteria;c__Oligoflexia;o__Bacteriovoracales;f__Bacteriovoracaceae;g__Peredibacter	0	0	0	0	0	0	0	0	0	0	0	0	0	0	0	0	0	1	0	0	0	0	0	0	0	0	0	0	0	0	0	0	0	0	0	0	0	0	0	0	0	1	0	0	0	0	0	0	0	0	0	0	0	0	0	0	0	0	0	0	0	0	0	0	0	0	0	0
sk__Bacteria;k__;p__Proteobacteria;c__Oligoflexia;o__Bdellovibrionales;f__Bdellovibrionaceae;g__Bdellovibrio	0	0	0	0	0	0	0	0	0	0	0	0	1	0	0	0	0	2	0	0	0	0	0	0	0	0	0	0	0	0	0	0	0	0	0	0	0	1	0	0	0	0	0	0	0	0	0	0	0	0	0	0	0	0	0	0	0	0	0	0	0	0	0	0	0	0	0	0
sk__Bacteria;k__;p__Proteobacteria;c__Oligoflexia;o__Oligoflexales	0	0	1	0	0	1	0	0	0	8	0	0	2	0	0	1	0	41	0	0	3	0	0	1	0	0	0	1	0	0	0	0	0	0	0	0	0	0	0	0	0	0	0	8	0	0	0	0	0	3	0	0	0	2	0	2	0	0	0	0	0	1	6	0	0	1	0	0
sk__Bacteria;k__;p__Verrucomicrobia	0	0	0	0	0	0	0	0	0	0	0	0	0	0	0	0	0	2	0	0	0	0	0	0	0	0	0	0	0	0	0	0	0	0	0	0	0	0	0	0	0	0	0	0	0	0	0	0	0	1	0	0	0	0	0	0	0	0	0	0	0	0	1	0	0	0	0	0
sk__Bacteria;k__;p__Verrucomicrobia;c__;o__;f__;g__;s__Verrucomicrobia_bacterium_LX181	0	0	1	0	0	0	0	0	0	0	0	0	0	0	0	0	0	1	0	0	0	0	0	0	0	0	0	0	0	0	0	0	0	0	0	0	0	0	0	0	0	0	0	0	0	0	0	0	0	0	0	0	0	0	0	0	0	0	0	0	0	0	0	0	0	0	0	0
sk__Bacteria;k__;p__Verrucomicrobia;c__Opitutae;o__Opitutales;f__Opitutaceae;g__Cephaloticoccus	0	0	0	0	0	0	0	0	0	1	0	0	0	0	0	0	0	3	0	0	0	0	0	0	0	0	0	0	0	0	0	0	0	0	0	0	0	0	0	0	0	0	0	0	0	0	0	0	0	0	1	0	0	0	0	1	0	0	0	0	0	0	0	0	0	0	0	0
sk__Bacteria;k__;p__Verrucomicrobia;c__Opitutae;o__Opitutales;f__Opitutaceae;g__Opitutus	0	0	1	0	0	1	0	0	0	1	0	0	0	0	0	0	0	8	0	0	0	0	0	0	0	0	0	0	0	0	0	0	0	0	0	0	0	0	0	0	0	0	0	1	0	0	0	2	0	0	0	0	0	0	0	2	0	0	0	0	0	0	0	0	0	0	0	0
sk__Bacteria;k__;p__Verrucomicrobia;c__Spartobacteria	0	0	2	0	0	0	0	0	0	0	0	0	0	0	0	0	0	3	0	0	0	0	0	0	0	0	0	0	0	0	0	0	0	0	0	0	0	0	0	0	0	0	0	0	0	0	0	0	0	0	0	0	0	0	0	1	0	0	0	0	0	0	0	0	0	0	0	0
sk__Bacteria;k__;p__Verrucomicrobia;c__Spartobacteria;o__;f__;g__;s__uncultivated_soil_bacterium_clone_C019	0	0	0	0	0	0	0	0	0	2	0	0	2	0	0	0	0	8	0	0	1	0	0	0	0	0	0	0	0	0	0	0	0	0	0	0	0	1	0	0	0	0	0	0	0	0	0	0	0	0	0	0	0	0	0	2	0	0	0	0	0	0	0	0	0	0	0	0
sk__Bacteria;k__;p__Verrucomicrobia;c__Spartobacteria;o__Chthoniobacterales;f__Chthoniobacteraceae	0	0	0	0	0	0	0	0	0	7	0	0	1	0	0	0	0	24	0	0	0	0	0	2	0	0	0	0	0	0	1	0	0	0	0	0	0	1	0	0	0	0	0	2	0	0	0	0	0	2	0	0	0	0	0	3	0	0	0	0	0	0	4	0	0	1	0	0
sk__Bacteria;k__;p__Verrucomicrobia;c__Spartobacteria;o__Chthoniobacterales;f__Chthoniobacteraceae;g__Candidatus_Udaeobacter	0	2	2	0	0	6	0	0	9	13	0	0	44	0	0	0	2	161	0	0	11	0	0	1	0	0	0	2	0	0	2	0	0	0	3	0	0	13	0	0	0	1	0	7	0	0	0	0	0	2	0	0	0	9	0	22	0	0	0	0	0	1	8	0	0	1	0	0
sk__Bacteria;k__;p__Verrucomicrobia;c__Spartobacteria;o__Chthoniobacterales;f__Chthoniobacteraceae;g__Chthoniobacter	0	0	3	0	0	1	0	0	0	8	0	0	1	0	0	0	0	21	0	0	1	0	0	0	0	0	0	1	0	0	0	0	0	0	0	0	0	0	0	0	0	0	0	1	0	0	0	1	0	0	0	0	0	0	0	2	0	0	0	0	0	0	1	0	0	1	0	0
sk__Bacteria;k__;p__Verrucomicrobia;c__Verrucomicrobiae	0	0	6	0	0	6	0	0	0	5	0	0	2	0	0	0	0	47	0	0	3	0	0	0	0	0	0	6	0	0	1	0	0	0	0	0	0	1	0	0	0	1	0	0	0	0	0	4	0	1	0	0	0	3	0	4	0	0	0	0	0	0	1	0	0	3	0	0
sk__Bacteria;k__;p__Verrucomicrobia;c__Verrucomicrobiae;o__Verrucomicrobiales;f__Verrucomicrobiaceae;g__Roseimicrobium	0	0	0	0	0	1	0	0	0	0	0	0	0	0	0	0	0	5	0	0	0	0	0	0	0	0	0	0	0	0	0	0	0	0	0	0	0	0	0	0	0	0	0	0	0	0	0	4	0	0	0	0	0	0	0	0	0	0	0	0	0	0	0	0	0	0	0	0
